=== Clean re-run: deepseek-coder:6.7b + magicoder:7b, both prompts, extraction fix applied ===
2026-09-21 15:01:51,800 - INFO - Running across 2 host(s) concurrently: {'GPU-farmi-004': ['deepseek-coder:6.7b'], 'GPU-farmi-001': ['magicoder:7b']}
2026-09-21 15:01:56,563 - INFO - [magicoder:7b] processing 40 curated case(s), run_id=magicoder_7b__20260921T120151Z
2026-09-21 15:01:56,564 - INFO - [deepseek-coder:6.7b] processing 40 curated case(s), run_id=deepseek-coder_6.7b__20260921T120151Z
2026-09-21 15:01:56,597 - INFO - Cloning repository: 1Panel-dev/MaxKB
2026-09-21 15:01:56,598 - INFO - Cloning repository: 1Panel-dev/MaxKB
2026-09-21 15:02:09,728 - INFO - Found commit: 38c4cfecd065293ede0437f6fa76cf0116591d25
2026-09-21 15:02:11,430 - INFO - Attempt 1/3 for patch results/runs_pilot_rerun_fixed/deepseek-coder_6.7b__design_v1/synthetic_patch_names/CASE-0001.patch
2026-09-21 15:02:12,610 - INFO - Found commit: 38c4cfecd065293ede0437f6fa76cf0116591d25
2026-09-21 15:02:14,420 - INFO - Attempt 1/3 for patch results/runs_pilot_rerun_fixed/magicoder_7b__design_v1/synthetic_patch_names/CASE-0001.patch
2026-09-21 15:02:22,113 - INFO - HTTP Request: POST https://gptlab.rd.tuni.fi/GPT-Lab/resources/GPU-farmi-001/v1/chat/completions "HTTP/1.1 200 OK"
2026-09-21 15:02:22,118 - ERROR - Invalid rule schema: Missing required fields: message
2026-09-21 15:02:22,118 - INFO - Attempt 2/3 for patch results/runs_pilot_rerun_fixed/magicoder_7b__design_v1/synthetic_patch_names/CASE-0001.patch
2026-09-21 15:02:27,644 - INFO - HTTP Request: POST https://gptlab.rd.tuni.fi/GPT-Lab/resources/GPU-farmi-001/v1/chat/completions "HTTP/1.1 200 OK"
2026-09-21 15:02:27,648 - ERROR - YAML parsing error: while scanning an alias
  in "<unicode string>", line 12, column 1:
    **patterns:**
    ^
expected alphabetic or numeric character, but found '*'
  in "<unicode string>", line 12, column 2:
    **patterns:**
     ^
2026-09-21 15:02:27,649 - ERROR - Failed to clean YAML text
2026-09-21 15:02:27,649 - INFO - Attempt 3/3 for patch results/runs_pilot_rerun_fixed/magicoder_7b__design_v1/synthetic_patch_names/CASE-0001.patch
2026-09-21 15:02:32,146 - INFO - HTTP Request: POST https://gptlab.rd.tuni.fi/GPT-Lab/resources/GPU-farmi-004/v1/chat/completions "HTTP/1.1 200 OK"
2026-09-21 15:02:34,862 - WARNING - Attempt 1 failed: Rule failed to detect vulnerability in original version
2026-09-21 15:02:34,862 - INFO - Attempt 2/3 for patch results/runs_pilot_rerun_fixed/deepseek-coder_6.7b__design_v1/synthetic_patch_names/CASE-0001.patch
2026-09-21 15:02:38,501 - INFO - HTTP Request: POST https://gptlab.rd.tuni.fi/GPT-Lab/resources/GPU-farmi-001/v1/chat/completions "HTTP/1.1 200 OK"
2026-09-21 15:02:38,507 - ERROR - YAML parsing error: while parsing a block collection
  in "<unicode string>", line 8, column 3:
      - '!a' in locals() and callable( ... 
      ^
expected <block end>, but found '<scalar>'
  in "<unicode string>", line 8, column 10:
      - '!a' in locals() and callable(locals( ... 
             ^
2026-09-21 15:02:38,507 - ERROR - Failed to clean YAML text
2026-09-21 15:02:38,620 - ERROR - Invalid rule schema: Missing required fields: message
2026-09-21 15:02:38,622 - ERROR - Invalid rule schema: Missing required fields: message
2026-09-21 15:02:38,622 - ERROR - YAML parsing error: while scanning an alias
  in "<unicode string>", line 12, column 1:
    **patterns:**
    ^
expected alphabetic or numeric character, but found '*'
  in "<unicode string>", line 12, column 2:
    **patterns:**
     ^
2026-09-21 15:02:38,623 - ERROR - Failed to clean YAML text
2026-09-21 15:02:38,623 - ERROR - YAML parsing error: while parsing a block collection
  in "<unicode string>", line 8, column 3:
      - '!a' in locals() and callable( ... 
      ^
expected <block end>, but found '<scalar>'
  in "<unicode string>", line 8, column 10:
      - '!a' in locals() and callable(locals( ... 
             ^
2026-09-21 15:02:38,623 - ERROR - Failed to clean YAML text
2026-09-21 15:02:38,638 - INFO - Cloning repository: ComposioHQ/composio
2026-09-21 15:02:39,608 - INFO - HTTP Request: POST https://gptlab.rd.tuni.fi/GPT-Lab/resources/GPU-farmi-004/v1/chat/completions "HTTP/1.1 200 OK"
2026-09-21 15:02:41,029 - WARNING - Attempt 2 failed: {'code': 2, 'level': 'error', 'type': 'Rule parse error', 'rule_id': 'var.folders.d5.5xvkptzs6cd9t_077gyhh1400000gr.T.vuln-maxkb-38c4cfec', 'message': 'Rule parse error in rule var.folders.d5.5xvkptzs6cd9t_077gyhh1400000gr.T.vuln-maxkb-38c4cfec:\n Invalid pattern for Python: Stdlib.Parsing.Parse_error\n----- pattern -----\n$EXPR = (\n  import(name="os")\\\n  .setgid(...)\n  or\n  import(name="os")\\\n  .setuid(...)\n)\n...\ncall(...)\nwhere $EXPR is $X\n...\ncall(...)\nwhere $X is $EXPR\n...\n----- end pattern -----\n'}
2026-09-21 15:02:41,029 - INFO - Attempt 3/3 for patch results/runs_pilot_rerun_fixed/deepseek-coder_6.7b__design_v1/synthetic_patch_names/CASE-0001.patch
2026-09-21 15:02:49,791 - INFO - HTTP Request: POST https://gptlab.rd.tuni.fi/GPT-Lab/resources/GPU-farmi-004/v1/chat/completions "HTTP/1.1 200 OK"
2026-09-21 15:02:51,360 - WARNING - Attempt 3 failed: {'code': 2, 'level': 'error', 'type': 'Rule parse error', 'rule_id': 'var.folders.d5.5xvkptzs6cd9t_077gyhh1400000gr.T.vuln-maxkb-38c4cfec', 'message': 'Rule parse error in rule var.folders.d5.5xvkptzs6cd9t_077gyhh1400000gr.T.vuln-maxkb-38c4cfec:\n Invalid pattern for Python: Stdlib.Parsing.Parse_error\n----- pattern -----\n(\n  import(name="os")\n  .setgid(...)\n  or\n  import(name="os")\n  .setuid(...)\n)\n...\ncall(...)\nwhere $X is $EXPR\n...\ncall(...)\nwhere $X is $EXPR\n\n----- end pattern -----\n'}
2026-09-21 15:03:05,206 - INFO - Cloning repository: ComposioHQ/composio
2026-09-21 15:03:38,791 - INFO - Found commit: ed82fb45dc9fbd7f07c535c72bada871c158ae5f
2026-09-21 15:03:41,392 - INFO - Attempt 1/3 for patch results/runs_pilot_rerun_fixed/magicoder_7b__design_v1/synthetic_patch_names/CASE-0002.patch
2026-09-21 15:03:48,531 - INFO - HTTP Request: POST https://gptlab.rd.tuni.fi/GPT-Lab/resources/GPU-farmi-001/v1/chat/completions "HTTP/1.1 200 OK"
2026-09-21 15:03:48,533 - ERROR - Invalid rule schema: Missing required fields: message
2026-09-21 15:03:48,533 - INFO - Attempt 2/3 for patch results/runs_pilot_rerun_fixed/magicoder_7b__design_v1/synthetic_patch_names/CASE-0002.patch
2026-09-21 15:03:54,186 - INFO - HTTP Request: POST https://gptlab.rd.tuni.fi/GPT-Lab/resources/GPU-farmi-001/v1/chat/completions "HTTP/1.1 200 OK"
2026-09-21 15:03:54,188 - ERROR - Invalid rule schema: Missing required fields: message
2026-09-21 15:03:54,188 - INFO - Attempt 3/3 for patch results/runs_pilot_rerun_fixed/magicoder_7b__design_v1/synthetic_patch_names/CASE-0002.patch
2026-09-21 15:03:59,495 - INFO - HTTP Request: POST https://gptlab.rd.tuni.fi/GPT-Lab/resources/GPU-farmi-001/v1/chat/completions "HTTP/1.1 200 OK"
2026-09-21 15:03:59,497 - ERROR - Invalid rule schema: Missing required fields: pattern, message
2026-09-21 15:03:59,924 - ERROR - Invalid rule schema: Missing required fields: message
2026-09-21 15:03:59,925 - ERROR - Invalid rule schema: Missing required fields: message
2026-09-21 15:03:59,927 - ERROR - Invalid rule schema: Missing required fields: message
2026-09-21 15:03:59,929 - ERROR - Invalid rule schema: Missing required fields: pattern, message
2026-09-21 15:03:59,964 - INFO - Cloning repository: CyrilleB79/NVDA-Dev-Test-Toolbox
2026-09-21 15:04:00,825 - INFO - Found commit: ed82fb45dc9fbd7f07c535c72bada871c158ae5f
2026-09-21 15:04:01,329 - INFO - Found commit: 21a0544432b08971b5d18320e8256be12c610bea
2026-09-21 15:04:02,916 - INFO - Attempt 1/3 for patch results/runs_pilot_rerun_fixed/magicoder_7b__design_v1/synthetic_patch_names/CASE-0003.patch
2026-09-21 15:04:03,308 - INFO - Attempt 1/3 for patch results/runs_pilot_rerun_fixed/deepseek-coder_6.7b__design_v1/synthetic_patch_names/CASE-0002.patch
2026-09-21 15:04:08,200 - INFO - HTTP Request: POST https://gptlab.rd.tuni.fi/GPT-Lab/resources/GPU-farmi-004/v1/chat/completions "HTTP/1.1 200 OK"
2026-09-21 15:04:11,414 - WARNING - Attempt 1 failed: Rule failed to detect vulnerability in original version
2026-09-21 15:04:11,414 - INFO - Attempt 2/3 for patch results/runs_pilot_rerun_fixed/deepseek-coder_6.7b__design_v1/synthetic_patch_names/CASE-0002.patch
2026-09-21 15:04:13,422 - INFO - HTTP Request: POST https://gptlab.rd.tuni.fi/GPT-Lab/resources/GPU-farmi-004/v1/chat/completions "HTTP/1.1 200 OK"
2026-09-21 15:04:16,331 - WARNING - Attempt 2 failed: Rule failed to detect vulnerability in original version
2026-09-21 15:04:16,331 - INFO - Attempt 3/3 for patch results/runs_pilot_rerun_fixed/deepseek-coder_6.7b__design_v1/synthetic_patch_names/CASE-0002.patch
2026-09-21 15:04:18,335 - INFO - HTTP Request: POST https://gptlab.rd.tuni.fi/GPT-Lab/resources/GPU-farmi-004/v1/chat/completions "HTTP/1.1 200 OK"
2026-09-21 15:04:21,243 - WARNING - Attempt 3 failed: Rule failed to detect vulnerability in original version
2026-09-21 15:04:38,275 - INFO - Cloning repository: CyrilleB79/NVDA-Dev-Test-Toolbox
2026-09-21 15:04:39,637 - INFO - Found commit: 21a0544432b08971b5d18320e8256be12c610bea
2026-09-21 15:04:41,276 - INFO - Attempt 1/3 for patch results/runs_pilot_rerun_fixed/deepseek-coder_6.7b__design_v1/synthetic_patch_names/CASE-0003.patch
2026-09-21 15:04:46,178 - INFO - HTTP Request: POST https://gptlab.rd.tuni.fi/GPT-Lab/resources/GPU-farmi-004/v1/chat/completions "HTTP/1.1 200 OK"
2026-09-21 15:04:47,541 - WARNING - Attempt 1 failed: [{'pattern': 'eval($VAR)', 'taint-mode': {'language': 'python', 'taint-functions': [{'name': 'eval', 'sink': True}]}}] is not of type 'string'
2026-09-21 15:04:47,541 - INFO - Attempt 2/3 for patch results/runs_pilot_rerun_fixed/deepseek-coder_6.7b__design_v1/synthetic_patch_names/CASE-0003.patch
2026-09-21 15:04:50,798 - INFO - HTTP Request: POST https://gptlab.rd.tuni.fi/GPT-Lab/resources/GPU-farmi-004/v1/chat/completions "HTTP/1.1 200 OK"
2026-09-21 15:04:53,655 - WARNING - Attempt 2 failed: Rule incorrectly detected vulnerability in fixed version
2026-09-21 15:04:53,655 - INFO - Attempt 3/3 for patch results/runs_pilot_rerun_fixed/deepseek-coder_6.7b__design_v1/synthetic_patch_names/CASE-0003.patch
2026-09-21 15:04:56,954 - INFO - HTTP Request: POST https://gptlab.rd.tuni.fi/GPT-Lab/resources/GPU-farmi-004/v1/chat/completions "HTTP/1.1 200 OK"
2026-09-21 15:04:58,432 - WARNING - Attempt 3 failed: {'code': 2, 'level': 'error', 'type': 'Rule parse error', 'rule_id': 'var.folders.d5.5xvkptzs6cd9t_077gyhh1400000gr.T.vuln-nvda-dev-test-toolbox-21a05444', 'message': 'Rule parse error in rule var.folders.d5.5xvkptzs6cd9t_077gyhh1400000gr.T.vuln-nvda-dev-test-toolbox-21a05444:\n Invalid pattern for Python: Stdlib.Parsing.Parse_error\n----- pattern -----\nimport speech.commands import *\nfrom speech import *\nfrom speech.commands import (\n  EndUtteranceCommand,\n  CallbackCommand,\n  BeepCommand,\n  WaveFileCommand,\n  ConfigProfileTriggerCommand,\n)\n\n----- end pattern -----\n'}
2026-09-21 15:05:12,931 - INFO - Cloning repository: FederatedAI/FATE
2026-09-21 15:05:39,264 - INFO - Found commit: 6feccf6d752184a6f9365d56a76fe627983e7139
2026-09-21 15:05:41,300 - INFO - Attempt 1/3 for patch results/runs_pilot_rerun_fixed/deepseek-coder_6.7b__design_v1/synthetic_patch_names/CASE-0004.patch
2026-09-21 15:05:49,539 - INFO - HTTP Request: POST https://gptlab.rd.tuni.fi/GPT-Lab/resources/GPU-farmi-004/v1/chat/completions "HTTP/1.1 200 OK"
2026-09-21 15:05:49,543 - ERROR - YAML parsing error: while parsing a block mapping
  in "<unicode string>", line 2, column 1:
    id: vuln-fate-6feccf6d
    ^
expected <block end>, but found '-'
  in "<unicode string>", line 30, column 1:
    -     self.transfer_inst.tree.re ... 
    ^
2026-09-21 15:05:49,545 - ERROR - Failed to clean YAML text
2026-09-21 15:05:49,545 - INFO - Attempt 2/3 for patch results/runs_pilot_rerun_fixed/deepseek-coder_6.7b__design_v1/synthetic_patch_names/CASE-0004.patch
2026-09-21 15:05:51,725 - INFO - HTTP Request: POST https://gptlab.rd.tuni.fi/GPT-Lab/resources/GPU-farmi-004/v1/chat/completions "HTTP/1.1 200 OK"
2026-09-21 15:05:53,586 - WARNING - Attempt 2 failed: {'code': 2, 'level': 'error', 'type': 'Rule parse error', 'rule_id': 'var.folders.d5.5xvkptzs6cd9t_077gyhh1400000gr.T.vuln-fate-6feccf6d', 'message': 'Rule parse error in rule var.folders.d5.5xvkptzs6cd9t_077gyhh1400000gr.T.vuln-fate-6feccf6d:\n Invalid pattern for Python: Stdlib.Parsing.Parse_error\n----- pattern -----\n$X = ...;\nif $X.transfer_inst.tree.remote(..., role=consts.HOST, idx=-1) {\n  ...\n}\n\n----- end pattern -----\n'}
2026-09-21 15:05:53,586 - INFO - Attempt 3/3 for patch results/runs_pilot_rerun_fixed/deepseek-coder_6.7b__design_v1/synthetic_patch_names/CASE-0004.patch
2026-09-21 15:06:02,920 - INFO - Retrying request in 0.493722 seconds
2026-09-21 15:06:11,694 - INFO - HTTP Request: POST https://gptlab.rd.tuni.fi/GPT-Lab/resources/GPU-farmi-001/v1/chat/completions "HTTP/1.1 200 OK"
2026-09-21 15:06:11,701 - ERROR - Invalid rule schema: Missing required fields: message
2026-09-21 15:06:11,701 - INFO - Attempt 2/3 for patch results/runs_pilot_rerun_fixed/magicoder_7b__design_v1/synthetic_patch_names/CASE-0003.patch
2026-09-21 15:06:19,272 - INFO - HTTP Request: POST https://gptlab.rd.tuni.fi/GPT-Lab/resources/GPU-farmi-001/v1/chat/completions "HTTP/1.1 200 OK"
2026-09-21 15:06:19,280 - ERROR - Invalid rule schema: Missing required fields: message
2026-09-21 15:06:19,280 - INFO - Attempt 3/3 for patch results/runs_pilot_rerun_fixed/magicoder_7b__design_v1/synthetic_patch_names/CASE-0003.patch
2026-09-21 15:06:25,042 - INFO - HTTP Request: POST https://gptlab.rd.tuni.fi/GPT-Lab/resources/GPU-farmi-001/v1/chat/completions "HTTP/1.1 200 OK"
2026-09-21 15:06:25,046 - ERROR - Invalid rule schema: Missing required fields: message
2026-09-21 15:06:25,113 - ERROR - Invalid rule schema: Missing required fields: message
2026-09-21 15:06:25,115 - ERROR - Invalid rule schema: Missing required fields: message
2026-09-21 15:06:25,116 - ERROR - Invalid rule schema: Missing required fields: message
2026-09-21 15:06:25,118 - ERROR - Invalid rule schema: Missing required fields: message
2026-09-21 15:06:25,120 - INFO - Cloning repository: FederatedAI/FATE
2026-09-21 15:06:56,925 - INFO - Found commit: 6feccf6d752184a6f9365d56a76fe627983e7139
2026-09-21 15:06:59,360 - INFO - Attempt 1/3 for patch results/runs_pilot_rerun_fixed/magicoder_7b__design_v1/synthetic_patch_names/CASE-0004.patch
2026-09-21 15:07:02,820 - INFO - HTTP Request: POST https://gptlab.rd.tuni.fi/GPT-Lab/resources/GPU-farmi-001/v1/chat/completions "HTTP/1.1 200 OK"
2026-09-21 15:07:02,822 - ERROR - Invalid rule schema: Missing required fields: pattern, message
2026-09-21 15:07:02,822 - INFO - Attempt 2/3 for patch results/runs_pilot_rerun_fixed/magicoder_7b__design_v1/synthetic_patch_names/CASE-0004.patch
2026-09-21 15:07:07,327 - INFO - HTTP Request: POST https://gptlab.rd.tuni.fi/GPT-Lab/resources/GPU-farmi-001/v1/chat/completions "HTTP/1.1 200 OK"
2026-09-21 15:07:07,328 - ERROR - YAML parsing error: while parsing a block mapping
  in "<unicode string>", line 2, column 1:
    id: "vuln-fate-6feccf6d"
    ^
expected <block end>, but found '-'
  in "<unicode string>", line 13, column 1:
    - func: HeteroDecisionTreeGuest. ... 
    ^
2026-09-21 15:07:07,329 - ERROR - Failed to clean YAML text
2026-09-21 15:07:07,329 - INFO - Attempt 3/3 for patch results/runs_pilot_rerun_fixed/magicoder_7b__design_v1/synthetic_patch_names/CASE-0004.patch
2026-09-21 15:07:15,591 - INFO - HTTP Request: POST https://gptlab.rd.tuni.fi/GPT-Lab/resources/GPU-farmi-001/v1/chat/completions "HTTP/1.1 200 OK"
2026-09-21 15:07:15,596 - ERROR - Invalid rule schema: Missing required fields: message
2026-09-21 15:07:15,891 - ERROR - Invalid rule schema: Missing required fields: pattern, message
2026-09-21 15:07:15,892 - ERROR - Invalid rule schema: Missing required fields: pattern, message
2026-09-21 15:07:15,893 - ERROR - YAML parsing error: while parsing a block mapping
  in "<unicode string>", line 2, column 1:
    id: "vuln-fate-6feccf6d"
    ^
expected <block end>, but found '-'
  in "<unicode string>", line 13, column 1:
    - func: HeteroDecisionTreeGuest. ... 
    ^
2026-09-21 15:07:15,893 - ERROR - Failed to clean YAML text
2026-09-21 15:07:15,894 - ERROR - Invalid rule schema: Missing required fields: message
2026-09-21 15:07:15,912 - INFO - Cloning repository: inducer/relate
2026-09-21 15:07:19,045 - INFO - Found commit: 555f0efb1c5bd7531c07cd73724d7e566a81f620
2026-09-21 15:07:20,428 - INFO - Attempt 1/3 for patch results/runs_pilot_rerun_fixed/magicoder_7b__design_v1/synthetic_patch_names/CASE-0005.patch
2026-09-21 15:07:30,541 - INFO - HTTP Request: POST https://gptlab.rd.tuni.fi/GPT-Lab/resources/GPU-farmi-001/v1/chat/completions "HTTP/1.1 200 OK"
2026-09-21 15:07:30,552 - ERROR - Invalid rule schema: Missing required fields: message
2026-09-21 15:07:30,552 - INFO - Attempt 2/3 for patch results/runs_pilot_rerun_fixed/magicoder_7b__design_v1/synthetic_patch_names/CASE-0005.patch
2026-09-21 15:07:43,239 - INFO - HTTP Request: POST https://gptlab.rd.tuni.fi/GPT-Lab/resources/GPU-farmi-001/v1/chat/completions "HTTP/1.1 200 OK"
2026-09-21 15:07:43,250 - ERROR - Invalid rule schema: Missing required fields: message
2026-09-21 15:07:43,250 - INFO - Attempt 3/3 for patch results/runs_pilot_rerun_fixed/magicoder_7b__design_v1/synthetic_patch_names/CASE-0005.patch
2026-09-21 15:07:53,590 - INFO - Retrying request in 0.456858 seconds
2026-09-21 15:07:57,140 - INFO - HTTP Request: POST https://gptlab.rd.tuni.fi/GPT-Lab/resources/GPU-farmi-001/v1/chat/completions "HTTP/1.1 200 OK"
2026-09-21 15:07:57,148 - ERROR - Invalid rule schema: Missing required fields: message
2026-09-21 15:07:57,250 - ERROR - Invalid rule schema: Missing required fields: message
2026-09-21 15:07:57,252 - ERROR - Invalid rule schema: Missing required fields: message
2026-09-21 15:07:57,254 - ERROR - Invalid rule schema: Missing required fields: message
2026-09-21 15:07:57,256 - ERROR - Invalid rule schema: Missing required fields: message
2026-09-21 15:07:57,269 - INFO - Cloning repository: lintsinghua/DeepAudit
2026-09-21 15:08:06,449 - INFO - Found commit: b2a3b26579d3fdbab5236ae12ed67ae2313175fd
2026-09-21 15:08:08,071 - INFO - Attempt 1/3 for patch results/runs_pilot_rerun_fixed/magicoder_7b__design_v1/synthetic_patch_names/CASE-0006.patch
2026-09-21 15:08:13,549 - INFO - HTTP Request: POST https://gptlab.rd.tuni.fi/GPT-Lab/resources/GPU-farmi-001/v1/chat/completions "HTTP/1.1 200 OK"
2026-09-21 15:08:13,553 - ERROR - Invalid rule schema: Missing required fields: message
2026-09-21 15:08:13,553 - INFO - Attempt 2/3 for patch results/runs_pilot_rerun_fixed/magicoder_7b__design_v1/synthetic_patch_names/CASE-0006.patch
2026-09-21 15:08:19,181 - INFO - HTTP Request: POST https://gptlab.rd.tuni.fi/GPT-Lab/resources/GPU-farmi-001/v1/chat/completions "HTTP/1.1 200 OK"
2026-09-21 15:08:19,183 - ERROR - Invalid rule schema: Missing required fields: message
2026-09-21 15:08:19,183 - INFO - Attempt 3/3 for patch results/runs_pilot_rerun_fixed/magicoder_7b__design_v1/synthetic_patch_names/CASE-0006.patch
2026-09-21 15:08:25,811 - INFO - HTTP Request: POST https://gptlab.rd.tuni.fi/GPT-Lab/resources/GPU-farmi-001/v1/chat/completions "HTTP/1.1 200 OK"
2026-09-21 15:08:25,821 - ERROR - Invalid rule schema: Missing required fields: message
2026-09-21 15:08:26,101 - ERROR - Invalid rule schema: Missing required fields: message
2026-09-21 15:08:26,102 - ERROR - Invalid rule schema: Missing required fields: message
2026-09-21 15:08:26,103 - ERROR - Invalid rule schema: Missing required fields: message
2026-09-21 15:08:26,105 - ERROR - Invalid rule schema: Missing required fields: message
2026-09-21 15:08:26,119 - INFO - Cloning repository: llamastack/llama-stack
2026-09-21 15:08:39,810 - INFO - Found commit: b709bd77b6c1fad68a30a4888baa6f2337eaef6f
2026-09-21 15:08:43,086 - INFO - Attempt 1/3 for patch results/runs_pilot_rerun_fixed/magicoder_7b__design_v1/synthetic_patch_names/CASE-0007.patch
2026-09-21 15:08:48,623 - INFO - HTTP Request: POST https://gptlab.rd.tuni.fi/GPT-Lab/resources/GPU-farmi-001/v1/chat/completions "HTTP/1.1 200 OK"
2026-09-21 15:08:48,624 - ERROR - YAML parsing error: while scanning a simple key
  in "<unicode string>", line 11, column 1:
    !call name="log" args="__sensiti ... 
    ^
could not find expected ':'
  in "<unicode string>", line 11, column 43:
     ... ="log" args="__sensitive_info__"
                                         ^
2026-09-21 15:08:48,625 - ERROR - Failed to clean YAML text
2026-09-21 15:08:48,625 - INFO - Attempt 2/3 for patch results/runs_pilot_rerun_fixed/magicoder_7b__design_v1/synthetic_patch_names/CASE-0007.patch
2026-09-21 15:08:54,400 - INFO - HTTP Request: POST https://gptlab.rd.tuni.fi/GPT-Lab/resources/GPU-farmi-001/v1/chat/completions "HTTP/1.1 200 OK"
2026-09-21 15:08:54,402 - ERROR - Invalid rule schema: Missing required fields: pattern, message
2026-09-21 15:08:54,402 - INFO - Attempt 3/3 for patch results/runs_pilot_rerun_fixed/magicoder_7b__design_v1/synthetic_patch_names/CASE-0007.patch
2026-09-21 15:09:01,785 - INFO - HTTP Request: POST https://gptlab.rd.tuni.fi/GPT-Lab/resources/GPU-farmi-001/v1/chat/completions "HTTP/1.1 200 OK"
2026-09-21 15:09:01,787 - ERROR - Invalid rule schema: Missing required fields: message
2026-09-21 15:09:01,963 - ERROR - YAML parsing error: while scanning a simple key
  in "<unicode string>", line 11, column 1:
    !call name="log" args="__sensiti ... 
    ^
could not find expected ':'
  in "<unicode string>", line 11, column 43:
     ... ="log" args="__sensitive_info__"
                                         ^
2026-09-21 15:09:01,964 - ERROR - Failed to clean YAML text
2026-09-21 15:09:01,964 - ERROR - YAML parsing error: while scanning a simple key
  in "<unicode string>", line 11, column 1:
    !call name="log" args="__sensiti ... 
    ^
could not find expected ':'
  in "<unicode string>", line 11, column 43:
     ... ="log" args="__sensitive_info__"
                                         ^
2026-09-21 15:09:01,964 - ERROR - Failed to clean YAML text
2026-09-21 15:09:01,966 - ERROR - Invalid rule schema: Missing required fields: pattern, message
2026-09-21 15:09:01,967 - ERROR - Invalid rule schema: Missing required fields: message
2026-09-21 15:09:01,982 - INFO - Cloning repository: parisneo/lollms-webui
2026-09-21 15:09:52,634 - INFO - Found commit: 6d07c8a0dd0a15cc060becc73fda9fe8e788eb23
2026-09-21 15:09:54,010 - INFO - Retrying request in 0.753905 seconds
2026-09-21 15:09:55,642 - INFO - Attempt 1/3 for patch results/runs_pilot_rerun_fixed/magicoder_7b__design_v1/synthetic_patch_names/CASE-0008.patch
2026-09-21 15:10:07,341 - INFO - HTTP Request: POST https://gptlab.rd.tuni.fi/GPT-Lab/resources/GPU-farmi-001/v1/chat/completions "HTTP/1.1 200 OK"
2026-09-21 15:10:07,346 - ERROR - Invalid rule schema: Missing required fields: message
2026-09-21 15:10:07,347 - INFO - Attempt 2/3 for patch results/runs_pilot_rerun_fixed/magicoder_7b__design_v1/synthetic_patch_names/CASE-0008.patch
2026-09-21 15:10:50,550 - INFO - HTTP Request: POST https://gptlab.rd.tuni.fi/GPT-Lab/resources/GPU-farmi-001/v1/chat/completions "HTTP/1.1 200 OK"
2026-09-21 15:10:50,565 - ERROR - Invalid rule schema: Missing required fields: pattern, message
2026-09-21 15:10:50,565 - INFO - Attempt 3/3 for patch results/runs_pilot_rerun_fixed/magicoder_7b__design_v1/synthetic_patch_names/CASE-0008.patch
2026-09-21 15:11:03,964 - INFO - HTTP Request: POST https://gptlab.rd.tuni.fi/GPT-Lab/resources/GPU-farmi-001/v1/chat/completions "HTTP/1.1 200 OK"
2026-09-21 15:11:03,971 - ERROR - Invalid rule schema: Missing required fields: pattern, message
2026-09-21 15:11:04,183 - ERROR - Invalid rule schema: Missing required fields: message
2026-09-21 15:11:04,184 - ERROR - Invalid rule schema: Missing required fields: message
2026-09-21 15:11:04,190 - ERROR - Invalid rule schema: Missing required fields: pattern, message
2026-09-21 15:11:04,192 - ERROR - Invalid rule schema: Missing required fields: pattern, message
2026-09-21 15:11:04,209 - INFO - Cloning repository: scottcwang/openssh_key_parser
2026-09-21 15:11:05,201 - INFO - Found commit: 26e0a471e9fdb23e635bc3014cf4cbd2323a08d3
2026-09-21 15:11:06,904 - INFO - Attempt 1/3 for patch results/runs_pilot_rerun_fixed/magicoder_7b__design_v1/synthetic_patch_names/CASE-0009.patch
2026-09-21 15:11:17,173 - INFO - HTTP Request: POST https://gptlab.rd.tuni.fi/GPT-Lab/resources/GPU-farmi-001/v1/chat/completions "HTTP/1.1 200 OK"
2026-09-21 15:11:17,180 - ERROR - Invalid rule schema: Missing required fields: message
2026-09-21 15:11:17,180 - INFO - Attempt 2/3 for patch results/runs_pilot_rerun_fixed/magicoder_7b__design_v1/synthetic_patch_names/CASE-0009.patch
2026-09-21 15:11:25,743 - INFO - HTTP Request: POST https://gptlab.rd.tuni.fi/GPT-Lab/resources/GPU-farmi-001/v1/chat/completions "HTTP/1.1 200 OK"
2026-09-21 15:11:25,749 - ERROR - Invalid rule schema: Missing required fields: message
2026-09-21 15:11:25,749 - INFO - Attempt 3/3 for patch results/runs_pilot_rerun_fixed/magicoder_7b__design_v1/synthetic_patch_names/CASE-0009.patch
2026-09-21 15:11:36,426 - INFO - HTTP Request: POST https://gptlab.rd.tuni.fi/GPT-Lab/resources/GPU-farmi-001/v1/chat/completions "HTTP/1.1 200 OK"
2026-09-21 15:11:39,513 - WARNING - Attempt 3 failed: Rule failed to detect vulnerability in original version
2026-09-21 15:11:39,564 - ERROR - Invalid rule schema: Missing required fields: message
2026-09-21 15:11:39,565 - ERROR - Invalid rule schema: Missing required fields: message
2026-09-21 15:11:39,567 - ERROR - Invalid rule schema: Missing required fields: message
2026-09-21 15:11:42,405 - INFO - Cloning repository: projectdiscovery/interactsh
2026-09-21 15:11:44,025 - INFO - Found commit: 6a0cb98b16636a98712729f3d23e34d8bf7260e7
2026-09-21 15:11:45,521 - INFO - Attempt 1/3 for patch results/runs_pilot_rerun_fixed/magicoder_7b__design_v1/synthetic_patch_names/CASE-0010.patch
2026-09-21 15:11:54,242 - INFO - HTTP Request: POST https://gptlab.rd.tuni.fi/GPT-Lab/resources/GPU-farmi-001/v1/chat/completions "HTTP/1.1 200 OK"
2026-09-21 15:11:54,245 - ERROR - YAML parsing error: while parsing a block mapping
  in "<unicode string>", line 2, column 1:
    id: "vuln-interactsh-6a0cb98b"
    ^
expected <block end>, but found '-'
  in "<unicode string>", line 11, column 1:
    - name: smb-server-outdated
    ^
2026-09-21 15:11:54,245 - ERROR - Failed to clean YAML text
2026-09-21 15:11:54,245 - INFO - Attempt 2/3 for patch results/runs_pilot_rerun_fixed/magicoder_7b__design_v1/synthetic_patch_names/CASE-0010.patch
2026-09-21 15:11:54,795 - ERROR - Error generating rule: Request timed out.
2026-09-21 15:11:54,870 - ERROR - YAML parsing error: while parsing a block mapping
  in "<unicode string>", line 2, column 1:
    id: vuln-fate-6feccf6d
    ^
expected <block end>, but found '-'
  in "<unicode string>", line 30, column 1:
    -     self.transfer_inst.tree.re ... 
    ^
2026-09-21 15:11:54,870 - ERROR - Failed to clean YAML text
2026-09-21 15:11:54,871 - ERROR - YAML parsing error: while parsing a block mapping
  in "<unicode string>", line 2, column 1:
    id: vuln-fate-6feccf6d
    ^
expected <block end>, but found '-'
  in "<unicode string>", line 30, column 1:
    -     self.transfer_inst.tree.re ... 
    ^
2026-09-21 15:11:54,871 - ERROR - Failed to clean YAML text
2026-09-21 15:11:56,439 - INFO - Cloning repository: inducer/relate
2026-09-21 15:11:59,458 - INFO - Found commit: 555f0efb1c5bd7531c07cd73724d7e566a81f620
2026-09-21 15:12:01,029 - INFO - Attempt 1/3 for patch results/runs_pilot_rerun_fixed/deepseek-coder_6.7b__design_v1/synthetic_patch_names/CASE-0005.patch
2026-09-21 15:12:02,151 - INFO - HTTP Request: POST https://gptlab.rd.tuni.fi/GPT-Lab/resources/GPU-farmi-001/v1/chat/completions "HTTP/1.1 200 OK"
2026-09-21 15:12:02,152 - ERROR - YAML parsing error: while parsing a block mapping
  in "<unicode string>", line 2, column 1:
    id: "vuln-interactsh-6a0cb98b"
    ^
expected <block end>, but found '-'
  in "<unicode string>", line 10, column 1:
    - !Import
    ^
2026-09-21 15:12:02,188 - ERROR - Failed to clean YAML text
2026-09-21 15:12:02,188 - INFO - Attempt 3/3 for patch results/runs_pilot_rerun_fixed/magicoder_7b__design_v1/synthetic_patch_names/CASE-0010.patch
2026-09-21 15:12:11,765 - INFO - HTTP Request: POST https://gptlab.rd.tuni.fi/GPT-Lab/resources/GPU-farmi-004/v1/chat/completions "HTTP/1.1 200 OK"
2026-09-21 15:12:11,848 - INFO - HTTP Request: POST https://gptlab.rd.tuni.fi/GPT-Lab/resources/GPU-farmi-001/v1/chat/completions "HTTP/1.1 200 OK"
2026-09-21 15:12:11,849 - ERROR - YAML parsing error: while parsing a block mapping
  in "<unicode string>", line 2, column 1:
    id: "vuln-interactsh-6a0cb98b"
    ^
expected <block end>, but found '-'
  in "<unicode string>", line 11, column 1:
    - name: smb-server-without-share ... 
    ^
2026-09-21 15:12:11,850 - ERROR - Failed to clean YAML text
2026-09-21 15:12:11,895 - ERROR - YAML parsing error: while parsing a block mapping
  in "<unicode string>", line 2, column 1:
    id: "vuln-interactsh-6a0cb98b"
    ^
expected <block end>, but found '-'
  in "<unicode string>", line 11, column 1:
    - name: smb-server-outdated
    ^
2026-09-21 15:12:11,895 - ERROR - Failed to clean YAML text
2026-09-21 15:12:11,895 - ERROR - YAML parsing error: while parsing a block mapping
  in "<unicode string>", line 2, column 1:
    id: "vuln-interactsh-6a0cb98b"
    ^
expected <block end>, but found '-'
  in "<unicode string>", line 11, column 1:
    - name: smb-server-outdated
    ^
2026-09-21 15:12:11,896 - ERROR - Failed to clean YAML text
2026-09-21 15:12:11,896 - ERROR - YAML parsing error: while parsing a block mapping
  in "<unicode string>", line 2, column 1:
    id: "vuln-interactsh-6a0cb98b"
    ^
expected <block end>, but found '-'
  in "<unicode string>", line 10, column 1:
    - !Import
    ^
2026-09-21 15:12:11,896 - ERROR - Failed to clean YAML text
2026-09-21 15:12:11,897 - ERROR - YAML parsing error: while parsing a block mapping
  in "<unicode string>", line 2, column 1:
    id: "vuln-interactsh-6a0cb98b"
    ^
expected <block end>, but found '-'
  in "<unicode string>", line 11, column 1:
    - name: smb-server-without-share ... 
    ^
2026-09-21 15:12:11,897 - ERROR - Failed to clean YAML text
2026-09-21 15:12:11,912 - INFO - Cloning repository: FasterXML/jackson-databind
2026-09-21 15:12:14,670 - WARNING - Attempt 1 failed: Rule failed to detect vulnerability in original version
2026-09-21 15:12:14,671 - INFO - Attempt 2/3 for patch results/runs_pilot_rerun_fixed/deepseek-coder_6.7b__design_v1/synthetic_patch_names/CASE-0005.patch
2026-09-21 15:12:24,717 - INFO - Found commit: 3d97153944f7de9c19c1b3637b33d3cf1fbbe4d7
2026-09-21 15:12:26,610 - INFO - Attempt 1/3 for patch results/runs_pilot_rerun_fixed/magicoder_7b__design_v1/synthetic_patch_names/CASE-0011.patch
2026-09-21 15:12:40,321 - INFO - HTTP Request: POST https://gptlab.rd.tuni.fi/GPT-Lab/resources/GPU-farmi-001/v1/chat/completions "HTTP/1.1 200 OK"
2026-09-21 15:12:40,326 - ERROR - Invalid rule schema: Missing required fields: pattern, message
2026-09-21 15:12:40,326 - INFO - Attempt 2/3 for patch results/runs_pilot_rerun_fixed/magicoder_7b__design_v1/synthetic_patch_names/CASE-0011.patch
2026-09-21 15:14:14,672 - INFO - Retrying request in 0.419334 seconds
2026-09-21 15:14:40,326 - INFO - Retrying request in 0.394652 seconds
2026-09-21 15:15:34,041 - INFO - HTTP Request: POST https://gptlab.rd.tuni.fi/GPT-Lab/resources/GPU-farmi-001/v1/chat/completions "HTTP/1.1 200 OK"
2026-09-21 15:15:34,053 - ERROR - Invalid rule schema: Missing required fields: message
2026-09-21 15:15:34,053 - INFO - Attempt 3/3 for patch results/runs_pilot_rerun_fixed/magicoder_7b__design_v1/synthetic_patch_names/CASE-0011.patch
2026-09-21 15:15:56,618 - INFO - HTTP Request: POST https://gptlab.rd.tuni.fi/GPT-Lab/resources/GPU-farmi-001/v1/chat/completions "HTTP/1.1 200 OK"
2026-09-21 15:15:56,627 - ERROR - Invalid rule schema: Missing required fields: message
2026-09-21 15:15:56,729 - ERROR - Invalid rule schema: Missing required fields: pattern, message
2026-09-21 15:15:56,730 - ERROR - Invalid rule schema: Missing required fields: pattern, message
2026-09-21 15:15:56,734 - ERROR - Invalid rule schema: Missing required fields: message
2026-09-21 15:15:56,735 - ERROR - Invalid rule schema: Missing required fields: message
2026-09-21 15:15:56,755 - INFO - Cloning repository: HtmlUnit/htmlunit
2026-09-21 15:16:15,136 - INFO - Retrying request in 0.795263 seconds
2026-09-21 15:16:25,176 - INFO - Found commit: 940dc7fd8af9f46ca448c1e548b8f6d064a64290
2026-09-21 15:16:27,835 - INFO - Attempt 1/3 for patch results/runs_pilot_rerun_fixed/magicoder_7b__design_v1/synthetic_patch_names/CASE-0012.patch
2026-09-21 15:16:33,761 - INFO - HTTP Request: POST https://gptlab.rd.tuni.fi/GPT-Lab/resources/GPU-farmi-001/v1/chat/completions "HTTP/1.1 200 OK"
2026-09-21 15:16:33,769 - ERROR - Invalid rule schema: Missing required fields: pattern, message
2026-09-21 15:16:33,769 - INFO - Attempt 2/3 for patch results/runs_pilot_rerun_fixed/magicoder_7b__design_v1/synthetic_patch_names/CASE-0012.patch
2026-09-21 15:16:40,955 - INFO - HTTP Request: POST https://gptlab.rd.tuni.fi/GPT-Lab/resources/GPU-farmi-001/v1/chat/completions "HTTP/1.1 200 OK"
2026-09-21 15:16:40,962 - ERROR - Invalid rule schema: Missing required fields: message
2026-09-21 15:16:40,962 - INFO - Attempt 3/3 for patch results/runs_pilot_rerun_fixed/magicoder_7b__design_v1/synthetic_patch_names/CASE-0012.patch
2026-09-21 15:16:51,297 - INFO - HTTP Request: POST https://gptlab.rd.tuni.fi/GPT-Lab/resources/GPU-farmi-001/v1/chat/completions "HTTP/1.1 200 OK"
2026-09-21 15:16:51,303 - ERROR - Invalid rule schema: Missing required fields: message
2026-09-21 15:16:51,821 - ERROR - Invalid rule schema: Missing required fields: pattern, message
2026-09-21 15:16:51,822 - ERROR - Invalid rule schema: Missing required fields: pattern, message
2026-09-21 15:16:51,824 - ERROR - Invalid rule schema: Missing required fields: message
2026-09-21 15:16:51,825 - ERROR - Invalid rule schema: Missing required fields: message
2026-09-21 15:16:51,838 - INFO - Cloning repository: KnowageLabs/Knowage-Server
2026-09-21 15:17:43,936 - INFO - Found commit: f7d0362f737e1b0db1cc9cc95b1236d62d83dd0c
2026-09-21 15:17:46,509 - INFO - Attempt 1/3 for patch results/runs_pilot_rerun_fixed/magicoder_7b__design_v1/synthetic_patch_names/CASE-0013.patch
2026-09-21 15:17:54,579 - INFO - HTTP Request: POST https://gptlab.rd.tuni.fi/GPT-Lab/resources/GPU-farmi-001/v1/chat/completions "HTTP/1.1 200 OK"
2026-09-21 15:17:54,581 - ERROR - Invalid rule schema: Missing required fields: pattern, message
2026-09-21 15:17:54,581 - INFO - Attempt 2/3 for patch results/runs_pilot_rerun_fixed/magicoder_7b__design_v1/synthetic_patch_names/CASE-0013.patch
2026-09-21 15:18:01,235 - INFO - HTTP Request: POST https://gptlab.rd.tuni.fi/GPT-Lab/resources/GPU-farmi-001/v1/chat/completions "HTTP/1.1 200 OK"
2026-09-21 15:18:01,241 - ERROR - Invalid rule schema: Missing required fields: pattern, message
2026-09-21 15:18:01,241 - INFO - Attempt 3/3 for patch results/runs_pilot_rerun_fixed/magicoder_7b__design_v1/synthetic_patch_names/CASE-0013.patch
2026-09-21 15:18:08,068 - INFO - HTTP Request: POST https://gptlab.rd.tuni.fi/GPT-Lab/resources/GPU-farmi-001/v1/chat/completions "HTTP/1.1 200 OK"
2026-09-21 15:18:08,074 - ERROR - Invalid rule schema: Missing required fields: pattern, message
2026-09-21 15:18:08,252 - ERROR - Invalid rule schema: Missing required fields: pattern, message
2026-09-21 15:18:08,253 - ERROR - Invalid rule schema: Missing required fields: pattern, message
2026-09-21 15:18:08,254 - ERROR - Invalid rule schema: Missing required fields: pattern, message
2026-09-21 15:18:08,255 - ERROR - Invalid rule schema: Missing required fields: pattern, message
2026-09-21 15:18:08,270 - INFO - Cloning repository: ManyDesigns/Portofino
2026-09-21 15:18:15,964 - ERROR - Error generating rule: Request timed out.
2026-09-21 15:18:15,965 - INFO - Attempt 3/3 for patch results/runs_pilot_rerun_fixed/deepseek-coder_6.7b__design_v1/synthetic_patch_names/CASE-0005.patch
2026-09-21 15:18:18,457 - INFO - Found commit: 94653cb357806c9cf24d8d294e6afea33f8f0775
2026-09-21 15:18:20,112 - INFO - Attempt 1/3 for patch results/runs_pilot_rerun_fixed/magicoder_7b__design_v1/synthetic_patch_names/CASE-0014.patch
2026-09-21 15:18:25,892 - INFO - HTTP Request: POST https://gptlab.rd.tuni.fi/GPT-Lab/resources/GPU-farmi-001/v1/chat/completions "HTTP/1.1 200 OK"
2026-09-21 15:18:25,897 - ERROR - Invalid rule schema: Missing required fields: pattern
2026-09-21 15:18:25,897 - INFO - Attempt 2/3 for patch results/runs_pilot_rerun_fixed/magicoder_7b__design_v1/synthetic_patch_names/CASE-0014.patch
2026-09-21 15:18:26,527 - INFO - HTTP Request: POST https://gptlab.rd.tuni.fi/GPT-Lab/resources/GPU-farmi-004/v1/chat/completions "HTTP/1.1 200 OK"
2026-09-21 15:18:28,121 - WARNING - Attempt 3 failed: {'code': 2, 'level': 'error', 'type': 'Rule parse error', 'rule_id': 'var.folders.d5.5xvkptzs6cd9t_077gyhh1400000gr.T.vuln-relate-555f0efb', 'message': 'Rule parse error in rule var.folders.d5.5xvkptzs6cd9t_077gyhh1400000gr.T.vuln-relate-555f0efb:\n Invalid pattern for Python: Stdlib.Parsing.Parse_error\n----- pattern -----\n$XSS = Xss($participation)\nmethod(name="get_user" arguments.0.value == $XSS)\n\n----- end pattern -----\n'}
2026-09-21 15:18:31,892 - INFO - HTTP Request: POST https://gptlab.rd.tuni.fi/GPT-Lab/resources/GPU-farmi-001/v1/chat/completions "HTTP/1.1 200 OK"
2026-09-21 15:18:31,894 - ERROR - Invalid rule schema: Missing required fields: pattern, message
2026-09-21 15:18:31,894 - INFO - Attempt 3/3 for patch results/runs_pilot_rerun_fixed/magicoder_7b__design_v1/synthetic_patch_names/CASE-0014.patch
2026-09-21 15:18:38,422 - INFO - HTTP Request: POST https://gptlab.rd.tuni.fi/GPT-Lab/resources/GPU-farmi-001/v1/chat/completions "HTTP/1.1 200 OK"
2026-09-21 15:18:38,425 - ERROR - Invalid rule schema: Missing required fields: pattern
2026-09-21 15:18:38,566 - ERROR - Invalid rule schema: Missing required fields: pattern
2026-09-21 15:18:38,567 - ERROR - Invalid rule schema: Missing required fields: pattern
2026-09-21 15:18:38,569 - ERROR - Invalid rule schema: Missing required fields: pattern, message
2026-09-21 15:18:38,570 - ERROR - Invalid rule schema: Missing required fields: pattern
2026-09-21 15:18:38,584 - INFO - Cloning repository: apache/felix-dev
2026-09-21 15:18:41,130 - INFO - Cloning repository: lintsinghua/DeepAudit
2026-09-21 15:18:52,418 - INFO - Found commit: 87513ea3533fdb79d9e2b251410bf2bfbd63941e
2026-09-21 15:18:54,035 - INFO - Attempt 1/3 for patch results/runs_pilot_rerun_fixed/magicoder_7b__design_v1/synthetic_patch_names/CASE-0015.patch
2026-09-21 15:19:00,289 - INFO - HTTP Request: POST https://gptlab.rd.tuni.fi/GPT-Lab/resources/GPU-farmi-001/v1/chat/completions "HTTP/1.1 200 OK"
2026-09-21 15:19:00,291 - ERROR - Invalid rule schema: Missing required fields: pattern, message
2026-09-21 15:19:00,291 - INFO - Attempt 2/3 for patch results/runs_pilot_rerun_fixed/magicoder_7b__design_v1/synthetic_patch_names/CASE-0015.patch
2026-09-21 15:19:00,405 - INFO - Found commit: b2a3b26579d3fdbab5236ae12ed67ae2313175fd
2026-09-21 15:19:02,092 - INFO - Attempt 1/3 for patch results/runs_pilot_rerun_fixed/deepseek-coder_6.7b__design_v1/synthetic_patch_names/CASE-0006.patch
2026-09-21 15:19:05,996 - INFO - HTTP Request: POST https://gptlab.rd.tuni.fi/GPT-Lab/resources/GPU-farmi-004/v1/chat/completions "HTTP/1.1 200 OK"
2026-09-21 15:19:06,596 - INFO - HTTP Request: POST https://gptlab.rd.tuni.fi/GPT-Lab/resources/GPU-farmi-001/v1/chat/completions "HTTP/1.1 200 OK"
2026-09-21 15:19:06,599 - ERROR - Invalid rule schema: Missing required fields: pattern, message
2026-09-21 15:19:06,599 - INFO - Attempt 3/3 for patch results/runs_pilot_rerun_fixed/magicoder_7b__design_v1/synthetic_patch_names/CASE-0015.patch
2026-09-21 15:19:07,554 - WARNING - Attempt 1 failed: {'taint-mode': [{'call-arg': 0, 'name': 'get_current_user'}, {'call-arg': 0, 'name': 'get_current_active_superuser'}]} is not of type 'string'
2026-09-21 15:19:07,555 - INFO - Attempt 2/3 for patch results/runs_pilot_rerun_fixed/deepseek-coder_6.7b__design_v1/synthetic_patch_names/CASE-0006.patch
2026-09-21 15:19:09,841 - INFO - HTTP Request: POST https://gptlab.rd.tuni.fi/GPT-Lab/resources/GPU-farmi-004/v1/chat/completions "HTTP/1.1 200 OK"
2026-09-21 15:19:09,847 - ERROR - Invalid rule schema: Missing required fields: pattern
2026-09-21 15:19:09,847 - INFO - Attempt 3/3 for patch results/runs_pilot_rerun_fixed/deepseek-coder_6.7b__design_v1/synthetic_patch_names/CASE-0006.patch
2026-09-21 15:19:11,786 - INFO - HTTP Request: POST https://gptlab.rd.tuni.fi/GPT-Lab/resources/GPU-farmi-004/v1/chat/completions "HTTP/1.1 200 OK"
2026-09-21 15:19:11,806 - INFO - HTTP Request: POST https://gptlab.rd.tuni.fi/GPT-Lab/resources/GPU-farmi-001/v1/chat/completions "HTTP/1.1 200 OK"
2026-09-21 15:19:11,809 - ERROR - Invalid rule schema: Missing required fields: pattern, message
2026-09-21 15:19:12,183 - ERROR - Invalid rule schema: Missing required fields: pattern, message
2026-09-21 15:19:12,184 - ERROR - Invalid rule schema: Missing required fields: pattern, message
2026-09-21 15:19:12,185 - ERROR - Invalid rule schema: Missing required fields: pattern, message
2026-09-21 15:19:12,187 - ERROR - Invalid rule schema: Missing required fields: pattern, message
2026-09-21 15:19:12,199 - INFO - Cloning repository: apache/kylin
2026-09-21 15:19:13,115 - WARNING - Attempt 3 failed: {'metavar': 'current_user', 'metavars': ['current_user'], 'pattern-either': [{'pattern-not': 'deps.get_current_active_superuser'}, {'pattern-not': 'deps.get_current_user'}]} is not of type 'string'
2026-09-21 15:19:22,363 - ERROR - Invalid rule schema: Missing required fields: pattern
2026-09-21 15:19:23,923 - INFO - Cloning repository: llamastack/llama-stack
2026-09-21 15:19:43,141 - INFO - Found commit: b709bd77b6c1fad68a30a4888baa6f2337eaef6f
2026-09-21 15:19:45,607 - INFO - Attempt 1/3 for patch results/runs_pilot_rerun_fixed/deepseek-coder_6.7b__design_v1/synthetic_patch_names/CASE-0007.patch
2026-09-21 15:20:37,334 - INFO - Found commit: e373c64c96a54a7abfe4bccb82e8feb60db04749
2026-09-21 15:20:40,364 - INFO - Attempt 1/3 for patch results/runs_pilot_rerun_fixed/magicoder_7b__design_v1/synthetic_patch_names/CASE-0016.patch
2026-09-21 15:20:48,348 - INFO - HTTP Request: POST https://gptlab.rd.tuni.fi/GPT-Lab/resources/GPU-farmi-001/v1/chat/completions "HTTP/1.1 200 OK"
2026-09-21 15:20:50,501 - WARNING - Attempt 1 failed: ['(?i)sql = "select.*from.*where.*=.*"', '(?i)queryService.querySystemCube(sql)', '(?i)getMetricsManager().getSystemTableFromSubject(getConfig().getKylinMetricsSubjectQueryCube())', '(?i)cubeName', '(?i)String sql = "select.*from.*where.*=.*"', '(?i)sql.replaceAll("\\\\?", ".*")', '(?i)queryService.querySystemCube(sql)', '(?i)getMetricsManager().getSystemTableFromSubject(getConfig().getKylinMetricsSubjectQueryCube())', '(?i)cubeName'] is not of type 'string'
2026-09-21 15:20:50,502 - INFO - Attempt 2/3 for patch results/runs_pilot_rerun_fixed/magicoder_7b__design_v1/synthetic_patch_names/CASE-0016.patch
2026-09-21 15:20:57,258 - INFO - HTTP Request: POST https://gptlab.rd.tuni.fi/GPT-Lab/resources/GPU-farmi-001/v1/chat/completions "HTTP/1.1 200 OK"
2026-09-21 15:20:57,260 - ERROR - Invalid rule schema: Missing required fields: pattern
2026-09-21 15:20:57,260 - INFO - Attempt 3/3 for patch results/runs_pilot_rerun_fixed/magicoder_7b__design_v1/synthetic_patch_names/CASE-0016.patch
2026-09-21 15:21:02,788 - INFO - HTTP Request: POST https://gptlab.rd.tuni.fi/GPT-Lab/resources/GPU-farmi-001/v1/chat/completions "HTTP/1.1 200 OK"
2026-09-21 15:21:02,793 - ERROR - YAML parsing error: while parsing a block collection
  in "<unicode string>", line 9, column 3:
      - '(def|var|let|const) [a-zA-Z0- ... 
      ^
expected <block end>, but found '<scalar>'
  in "<unicode string>", line 12, column 61:
     ... m .*? where [a-zA-Z0-9_]+ = \\\'\\$[a-zA-Z0-9_]+\\'\\"'
                                         ^
2026-09-21 15:21:02,794 - ERROR - Failed to clean YAML text
2026-09-21 15:21:12,184 - ERROR - Invalid rule schema: Missing required fields: pattern
2026-09-21 15:21:12,184 - ERROR - YAML parsing error: while parsing a block collection
  in "<unicode string>", line 9, column 3:
      - '(def|var|let|const) [a-zA-Z0- ... 
      ^
expected <block end>, but found '<scalar>'
  in "<unicode string>", line 12, column 61:
     ... m .*? where [a-zA-Z0-9_]+ = \\\'\\$[a-zA-Z0-9_]+\\'\\"'
                                         ^
2026-09-21 15:21:12,185 - ERROR - Failed to clean YAML text
2026-09-21 15:21:12,200 - INFO - Cloning repository: apache/spark
2026-09-21 15:21:45,631 - INFO - Retrying request in 0.385329 seconds
2026-09-21 15:22:47,598 - INFO - Found commit: cf59b1f51c16301f689b4e0f17ba4dbd140e1b19
2026-09-21 15:22:51,020 - INFO - Attempt 1/3 for patch results/runs_pilot_rerun_fixed/magicoder_7b__design_v1/synthetic_patch_names/CASE-0017.patch
2026-09-21 15:22:55,633 - INFO - HTTP Request: POST https://gptlab.rd.tuni.fi/GPT-Lab/resources/GPU-farmi-001/v1/chat/completions "HTTP/1.1 200 OK"
2026-09-21 15:22:55,653 - ERROR - Invalid rule schema: Missing required fields: message
2026-09-21 15:22:55,654 - INFO - Attempt 2/3 for patch results/runs_pilot_rerun_fixed/magicoder_7b__design_v1/synthetic_patch_names/CASE-0017.patch
2026-09-21 15:23:01,026 - INFO - HTTP Request: POST https://gptlab.rd.tuni.fi/GPT-Lab/resources/GPU-farmi-001/v1/chat/completions "HTTP/1.1 200 OK"
2026-09-21 15:23:01,043 - ERROR - YAML parsing error: while scanning a simple key
  in "<unicode string>", line 13, column 1:
    (?i)(?<!isEqual)\bMessageDigest\ ... 
    ^
could not find expected ':'
  in "<unicode string>", line 13, column 104:
     ... toHexString)\b.*\b(new|equals)\b
                                         ^
2026-09-21 15:23:01,043 - ERROR - Failed to clean YAML text
2026-09-21 15:23:01,043 - INFO - Attempt 3/3 for patch results/runs_pilot_rerun_fixed/magicoder_7b__design_v1/synthetic_patch_names/CASE-0017.patch
2026-09-21 15:23:07,368 - INFO - HTTP Request: POST https://gptlab.rd.tuni.fi/GPT-Lab/resources/GPU-farmi-001/v1/chat/completions "HTTP/1.1 200 OK"
2026-09-21 15:23:07,370 - ERROR - Invalid rule schema: Missing required fields: message
2026-09-21 15:23:07,872 - ERROR - Invalid rule schema: Missing required fields: message
2026-09-21 15:23:07,874 - ERROR - Invalid rule schema: Missing required fields: message
2026-09-21 15:23:07,874 - ERROR - YAML parsing error: while scanning a simple key
  in "<unicode string>", line 13, column 1:
    (?i)(?<!isEqual)\bMessageDigest\ ... 
    ^
could not find expected ':'
  in "<unicode string>", line 13, column 104:
     ... toHexString)\b.*\b(new|equals)\b
                                         ^
2026-09-21 15:23:07,875 - ERROR - Failed to clean YAML text
2026-09-21 15:23:07,876 - ERROR - Invalid rule schema: Missing required fields: message
2026-09-21 15:23:07,921 - INFO - Cloning repository: jenkinsci/gitlab-oauth-plugin
2026-09-21 15:23:09,570 - INFO - Found commit: 695ce63fddb3567cf8d87339ddc1fa3b67ae2db8
2026-09-21 15:23:10,974 - INFO - Attempt 1/3 for patch results/runs_pilot_rerun_fixed/magicoder_7b__design_v1/synthetic_patch_names/CASE-0018.patch
2026-09-21 15:23:21,637 - INFO - HTTP Request: POST https://gptlab.rd.tuni.fi/GPT-Lab/resources/GPU-farmi-001/v1/chat/completions "HTTP/1.1 200 OK"
2026-09-21 15:23:21,644 - ERROR - Invalid rule schema: Missing required fields: pattern, message
2026-09-21 15:23:21,645 - INFO - Attempt 2/3 for patch results/runs_pilot_rerun_fixed/magicoder_7b__design_v1/synthetic_patch_names/CASE-0018.patch
2026-09-21 15:23:28,088 - INFO - HTTP Request: POST https://gptlab.rd.tuni.fi/GPT-Lab/resources/GPU-farmi-001/v1/chat/completions "HTTP/1.1 200 OK"
2026-09-21 15:23:28,094 - ERROR - Invalid rule schema: Missing required fields: pattern, message
2026-09-21 15:23:28,095 - INFO - Attempt 3/3 for patch results/runs_pilot_rerun_fixed/magicoder_7b__design_v1/synthetic_patch_names/CASE-0018.patch
2026-09-21 15:23:34,336 - INFO - HTTP Request: POST https://gptlab.rd.tuni.fi/GPT-Lab/resources/GPU-farmi-001/v1/chat/completions "HTTP/1.1 200 OK"
2026-09-21 15:23:34,342 - ERROR - Invalid rule schema: Missing required fields: pattern, message
2026-09-21 15:23:34,404 - ERROR - Invalid rule schema: Missing required fields: pattern, message
2026-09-21 15:23:34,406 - ERROR - Invalid rule schema: Missing required fields: pattern, message
2026-09-21 15:23:34,408 - ERROR - Invalid rule schema: Missing required fields: pattern, message
2026-09-21 15:23:34,409 - ERROR - Invalid rule schema: Missing required fields: pattern, message
2026-09-21 15:23:34,426 - INFO - Cloning repository: joniles/mpxj
2026-09-21 15:23:46,052 - INFO - Retrying request in 0.988960 seconds
2026-09-21 15:24:50,315 - INFO - Found commit: 8002802890dfdc8bc74259f37e053e15b827eea0
2026-09-21 15:24:53,157 - INFO - Attempt 1/3 for patch results/runs_pilot_rerun_fixed/magicoder_7b__design_v1/synthetic_patch_names/CASE-0019.patch
2026-09-21 15:24:58,713 - INFO - HTTP Request: POST https://gptlab.rd.tuni.fi/GPT-Lab/resources/GPU-farmi-001/v1/chat/completions "HTTP/1.1 200 OK"
2026-09-21 15:24:58,715 - ERROR - Invalid rule schema: Missing required fields: pattern, message
2026-09-21 15:24:58,715 - INFO - Attempt 2/3 for patch results/runs_pilot_rerun_fixed/magicoder_7b__design_v1/synthetic_patch_names/CASE-0019.patch
2026-09-21 15:25:04,806 - INFO - HTTP Request: POST https://gptlab.rd.tuni.fi/GPT-Lab/resources/GPU-farmi-001/v1/chat/completions "HTTP/1.1 200 OK"
2026-09-21 15:25:06,407 - WARNING - Attempt 2 failed: ['(?s)(?i).*\\bFile\\.separator\\b.*\\bstartsWith\\(dir\\.getCanonicalPath\\(\\)\\+.*'] is not of type 'string'
2026-09-21 15:25:06,407 - INFO - Attempt 3/3 for patch results/runs_pilot_rerun_fixed/magicoder_7b__design_v1/synthetic_patch_names/CASE-0019.patch
2026-09-21 15:25:09,259 - INFO - HTTP Request: POST https://gptlab.rd.tuni.fi/GPT-Lab/resources/GPU-farmi-001/v1/chat/completions "HTTP/1.1 200 OK"
2026-09-21 15:25:10,943 - WARNING - Attempt 3 failed: {'code': 2, 'level': 'error', 'type': 'Rule parse error', 'rule_id': 'var.folders.d5.5xvkptzs6cd9t_077gyhh1400000gr.T.vuln-mpxj-80028028', 'message': 'Rule parse error in rule var.folders.d5.5xvkptzs6cd9t_077gyhh1400000gr.T.vuln-mpxj-80028028:\n Invalid pattern for Java: Failure: no pattern found\n----- pattern -----\n[?s](?i).*\\bFile\\.separator\\b.*\\bstartsWith\\(dir\\.getCanonicalPath\\(\\)\\+.*\n----- end pattern -----\n'}
2026-09-21 15:25:11,008 - ERROR - Invalid rule schema: Missing required fields: pattern, message
2026-09-21 15:25:11,009 - ERROR - Invalid rule schema: Missing required fields: pattern, message
2026-09-21 15:25:13,824 - INFO - Cloning repository: spring-projects/spring-security-samples
2026-09-21 15:25:15,712 - INFO - Found commit: 4e3bec904a5467db28ea33e25ac9d90524b53d66
2026-09-21 15:25:17,433 - INFO - Attempt 1/3 for patch results/runs_pilot_rerun_fixed/magicoder_7b__design_v1/synthetic_patch_names/CASE-0020.patch
2026-09-21 15:25:24,081 - INFO - HTTP Request: POST https://gptlab.rd.tuni.fi/GPT-Lab/resources/GPU-farmi-001/v1/chat/completions "HTTP/1.1 200 OK"
2026-09-21 15:25:24,083 - ERROR - YAML parsing error: while parsing a block mapping
  in "<unicode string>", line 14, column 3:
      taint-mode:
      ^
expected <block end>, but found '-'
  in "<unicode string>", line 20, column 3:
      - "org.springframework.security. ... 
      ^
2026-09-21 15:25:24,083 - ERROR - Failed to clean YAML text
2026-09-21 15:25:24,083 - INFO - Attempt 2/3 for patch results/runs_pilot_rerun_fixed/magicoder_7b__design_v1/synthetic_patch_names/CASE-0020.patch
2026-09-21 15:25:29,942 - INFO - HTTP Request: POST https://gptlab.rd.tuni.fi/GPT-Lab/resources/GPU-farmi-001/v1/chat/completions "HTTP/1.1 200 OK"
2026-09-21 15:25:29,949 - ERROR - Invalid rule schema: Missing required fields: message
2026-09-21 15:25:29,949 - INFO - Attempt 3/3 for patch results/runs_pilot_rerun_fixed/magicoder_7b__design_v1/synthetic_patch_names/CASE-0020.patch
2026-09-21 15:25:36,481 - INFO - HTTP Request: POST https://gptlab.rd.tuni.fi/GPT-Lab/resources/GPU-farmi-001/v1/chat/completions "HTTP/1.1 200 OK"
2026-09-21 15:25:38,141 - WARNING - Attempt 3 failed: {'code': 2, 'level': 'error', 'type': 'Rule parse error', 'rule_id': 'var.folders.d5.5xvkptzs6cd9t_077gyhh1400000gr.T.vuln-spring-security-samples-4e3bec90', 'message': 'Rule parse error in rule var.folders.d5.5xvkptzs6cd9t_077gyhh1400000gr.T.vuln-spring-security-samples-4e3bec90:\n Invalid pattern for Java: Stdlib.Parsing.Parse_error\n----- pattern -----\n(?i) \\\\bHttpSecurity\\\\.authorizeHttpRequests\\\\(\\\\s*\\\\.requestMatchers\\\\( (\n  \\\\"\\\\/login\\\\"|\\\\"/resources\\\\/\\\\**\\\\"\n) ,\\\\s*\\\\.permitAll\\\\(\\\\) .*? \\\\bHttpSecurity\\\\.anyRequest\\\\(\\\\) .*? \\\\.authenticated\\\\(\\\\)"\n----- end pattern -----\n'}
2026-09-21 15:25:38,211 - ERROR - YAML parsing error: while parsing a block mapping
  in "<unicode string>", line 14, column 3:
      taint-mode:
      ^
expected <block end>, but found '-'
  in "<unicode string>", line 20, column 3:
      - "org.springframework.security. ... 
      ^
2026-09-21 15:25:38,212 - ERROR - Failed to clean YAML text
2026-09-21 15:25:38,213 - ERROR - YAML parsing error: while parsing a block mapping
  in "<unicode string>", line 14, column 3:
      taint-mode:
      ^
expected <block end>, but found '-'
  in "<unicode string>", line 20, column 3:
      - "org.springframework.security. ... 
      ^
2026-09-21 15:25:38,213 - ERROR - Failed to clean YAML text
2026-09-21 15:25:38,215 - ERROR - Invalid rule schema: Missing required fields: message
2026-09-21 15:25:39,710 - INFO - Cloning repository: Countly/countly-server
2026-09-21 15:25:47,080 - ERROR - Error generating rule: Request timed out.
2026-09-21 15:25:47,081 - INFO - Attempt 2/3 for patch results/runs_pilot_rerun_fixed/deepseek-coder_6.7b__design_v1/synthetic_patch_names/CASE-0007.patch
2026-09-21 15:27:47,109 - INFO - Retrying request in 0.468211 seconds
2026-09-21 15:27:55,431 - INFO - Found commit: 2bfa1ee1fa46e9bb007cf8687ad197ab9c604999
2026-09-21 15:27:58,328 - INFO - Attempt 1/3 for patch results/runs_pilot_rerun_fixed/magicoder_7b__design_v1/synthetic_patch_names/CASE-0021.patch
2026-09-21 15:28:04,001 - INFO - HTTP Request: POST https://gptlab.rd.tuni.fi/GPT-Lab/resources/GPU-farmi-001/v1/chat/completions "HTTP/1.1 200 OK"
2026-09-21 15:28:04,003 - ERROR - Invalid rule schema: Missing required fields: message
2026-09-21 15:28:04,003 - INFO - Attempt 2/3 for patch results/runs_pilot_rerun_fixed/magicoder_7b__design_v1/synthetic_patch_names/CASE-0021.patch
2026-09-21 15:28:11,217 - INFO - HTTP Request: POST https://gptlab.rd.tuni.fi/GPT-Lab/resources/GPU-farmi-001/v1/chat/completions "HTTP/1.1 200 OK"
2026-09-21 15:28:11,219 - ERROR - Invalid rule schema: Missing required fields: message
2026-09-21 15:28:11,219 - INFO - Attempt 3/3 for patch results/runs_pilot_rerun_fixed/magicoder_7b__design_v1/synthetic_patch_names/CASE-0021.patch
2026-09-21 15:28:22,724 - INFO - HTTP Request: POST https://gptlab.rd.tuni.fi/GPT-Lab/resources/GPU-farmi-001/v1/chat/completions "HTTP/1.1 200 OK"
2026-09-21 15:28:22,730 - ERROR - Invalid rule schema: Missing required fields: message
2026-09-21 15:28:23,069 - ERROR - Invalid rule schema: Missing required fields: message
2026-09-21 15:28:23,070 - ERROR - Invalid rule schema: Missing required fields: message
2026-09-21 15:28:23,072 - ERROR - Invalid rule schema: Missing required fields: message
2026-09-21 15:28:23,074 - ERROR - Invalid rule schema: Missing required fields: message
2026-09-21 15:28:23,097 - INFO - Cloning repository: GSConnect/gnome-shell-extension-gsconnect
2026-09-21 15:28:28,159 - INFO - Found commit: a38246deec0af50ae218cdc51db32cdd7eb145e3
2026-09-21 15:28:30,367 - INFO - Attempt 1/3 for patch results/runs_pilot_rerun_fixed/magicoder_7b__design_v1/synthetic_patch_names/CASE-0022.patch
2026-09-21 15:28:44,804 - INFO - HTTP Request: POST https://gptlab.rd.tuni.fi/GPT-Lab/resources/GPU-farmi-001/v1/chat/completions "HTTP/1.1 200 OK"
2026-09-21 15:28:44,810 - ERROR - YAML parsing error: while parsing a block collection
  in "<unicode string>", line 10, column 5:
        - "(?i)this\\._connection = conn ... 
        ^
expected <block end>, but found '<scalar>'
  in "<unicode string>", line 20, column 33:
        - "(?i)throw new Error\\(\\"missing deviceId\\"\\);"
                                    ^
2026-09-21 15:28:44,812 - ERROR - Failed to clean YAML text
2026-09-21 15:28:44,812 - INFO - Attempt 2/3 for patch results/runs_pilot_rerun_fixed/magicoder_7b__design_v1/synthetic_patch_names/CASE-0022.patch
2026-09-21 15:29:00,985 - INFO - HTTP Request: POST https://gptlab.rd.tuni.fi/GPT-Lab/resources/GPU-farmi-001/v1/chat/completions "HTTP/1.1 200 OK"
2026-09-21 15:29:00,995 - ERROR - Invalid rule schema: Missing required fields: message
2026-09-21 15:29:00,996 - INFO - Attempt 3/3 for patch results/runs_pilot_rerun_fixed/magicoder_7b__design_v1/synthetic_patch_names/CASE-0022.patch
2026-09-21 15:29:11,582 - INFO - HTTP Request: POST https://gptlab.rd.tuni.fi/GPT-Lab/resources/GPU-farmi-001/v1/chat/completions "HTTP/1.1 200 OK"
2026-09-21 15:29:11,590 - ERROR - Invalid rule schema: Missing required fields: message
2026-09-21 15:29:11,661 - ERROR - YAML parsing error: while parsing a block collection
  in "<unicode string>", line 10, column 5:
        - "(?i)this\\._connection = conn ... 
        ^
expected <block end>, but found '<scalar>'
  in "<unicode string>", line 20, column 33:
        - "(?i)throw new Error\\(\\"missing deviceId\\"\\);"
                                    ^
2026-09-21 15:29:11,662 - ERROR - Failed to clean YAML text
2026-09-21 15:29:11,662 - ERROR - YAML parsing error: while parsing a block collection
  in "<unicode string>", line 10, column 5:
        - "(?i)this\\._connection = conn ... 
        ^
expected <block end>, but found '<scalar>'
  in "<unicode string>", line 20, column 33:
        - "(?i)throw new Error\\(\\"missing deviceId\\"\\);"
                                    ^
2026-09-21 15:29:11,663 - ERROR - Failed to clean YAML text
2026-09-21 15:29:11,666 - ERROR - Invalid rule schema: Missing required fields: message
2026-09-21 15:29:11,668 - ERROR - Invalid rule schema: Missing required fields: message
2026-09-21 15:29:11,683 - INFO - Cloning repository: InternalError503/forget-it
2026-09-21 15:29:12,777 - INFO - Found commit: adf0c7fd59b9c935b4fd675c556265620124999c
2026-09-21 15:29:14,760 - INFO - Attempt 1/3 for patch results/runs_pilot_rerun_fixed/magicoder_7b__design_v1/synthetic_patch_names/CASE-0023.patch
2026-09-21 15:29:19,607 - INFO - HTTP Request: POST https://gptlab.rd.tuni.fi/GPT-Lab/resources/GPU-farmi-001/v1/chat/completions "HTTP/1.1 200 OK"
2026-09-21 15:29:21,043 - WARNING - Attempt 1 failed: ['(^|\\s)#timedForgetMinute, #timedForgetTime'] is not of type 'string'
2026-09-21 15:29:21,043 - INFO - Attempt 2/3 for patch results/runs_pilot_rerun_fixed/magicoder_7b__design_v1/synthetic_patch_names/CASE-0023.patch
2026-09-21 15:29:25,465 - INFO - HTTP Request: POST https://gptlab.rd.tuni.fi/GPT-Lab/resources/GPU-farmi-001/v1/chat/completions "HTTP/1.1 200 OK"
2026-09-21 15:29:26,971 - WARNING - Attempt 2 failed: ['(^|\\\\s)#timedForgetMinute, #timedForgetTime'] is not of type 'string'
2026-09-21 15:29:26,971 - INFO - Attempt 3/3 for patch results/runs_pilot_rerun_fixed/magicoder_7b__design_v1/synthetic_patch_names/CASE-0023.patch
2026-09-21 15:29:32,495 - INFO - HTTP Request: POST https://gptlab.rd.tuni.fi/GPT-Lab/resources/GPU-farmi-001/v1/chat/completions "HTTP/1.1 200 OK"
2026-09-21 15:29:32,500 - ERROR - YAML parsing error: while scanning a simple key
  in "<unicode string>", line 10, column 3:
      http://cwe.mitre.org/data/defini ... 
      ^
could not find expected ':'
  in "<unicode string>", line 11, column 1:
    pattern:
    ^
2026-09-21 15:29:32,501 - ERROR - Failed to clean YAML text
2026-09-21 15:29:43,283 - ERROR - YAML parsing error: while scanning a simple key
  in "<unicode string>", line 10, column 3:
      http://cwe.mitre.org/data/defini ... 
      ^
could not find expected ':'
  in "<unicode string>", line 11, column 1:
    pattern:
    ^
2026-09-21 15:29:43,283 - ERROR - Failed to clean YAML text
2026-09-21 15:29:43,319 - INFO - Cloning repository: KartikTalwar/gmail.js
2026-09-21 15:29:44,476 - INFO - Found commit: a83436f499f9c01b04280af945a5a81137b6baf1
2026-09-21 15:29:46,102 - INFO - Attempt 1/3 for patch results/runs_pilot_rerun_fixed/magicoder_7b__design_v1/synthetic_patch_names/CASE-0024.patch
2026-09-21 15:29:47,605 - INFO - Retrying request in 0.788768 seconds
2026-09-21 15:29:57,099 - INFO - HTTP Request: POST https://gptlab.rd.tuni.fi/GPT-Lab/resources/GPU-farmi-001/v1/chat/completions "HTTP/1.1 200 OK"
2026-09-21 15:29:57,110 - ERROR - Invalid rule schema: Missing required fields: message
2026-09-21 15:29:57,110 - INFO - Attempt 2/3 for patch results/runs_pilot_rerun_fixed/magicoder_7b__design_v1/synthetic_patch_names/CASE-0024.patch
2026-09-21 15:30:01,932 - INFO - HTTP Request: POST https://gptlab.rd.tuni.fi/GPT-Lab/resources/GPU-farmi-001/v1/chat/completions "HTTP/1.1 200 OK"
2026-09-21 15:30:03,324 - WARNING - Attempt 2 failed: ['(function|var|try|catch|console\\.log).*?new Function'] is not of type 'string'
2026-09-21 15:30:03,324 - INFO - Attempt 3/3 for patch results/runs_pilot_rerun_fixed/magicoder_7b__design_v1/synthetic_patch_names/CASE-0024.patch
2026-09-21 15:30:05,375 - INFO - HTTP Request: POST https://gptlab.rd.tuni.fi/GPT-Lab/resources/GPU-farmi-001/v1/chat/completions "HTTP/1.1 200 OK"
2026-09-21 15:30:06,953 - WARNING - Attempt 3 failed: {'code': 2, 'level': 'error', 'type': 'Rule parse error', 'rule_id': 'var.folders.d5.5xvkptzs6cd9t_077gyhh1400000gr.T.vuln-gmail-js-a83436f4', 'message': 'Rule parse error in rule var.folders.d5.5xvkptzs6cd9t_077gyhh1400000gr.T.vuln-gmail-js-a83436f4:\n Invalid pattern for JavaScript: Stdlib.Parsing.Parse_error\n----- pattern -----\n(function|var|try|catch|console\\.log).*?new Function\n----- end pattern -----\n'}
2026-09-21 15:30:07,007 - ERROR - Invalid rule schema: Missing required fields: message
2026-09-21 15:30:07,009 - ERROR - Invalid rule schema: Missing required fields: message
2026-09-21 15:30:10,071 - INFO - Cloning repository: Mintplex-Labs/anything-llm
2026-09-21 15:30:24,931 - INFO - Found commit: 94ed62d320df1a06c229e4bc3ee09c2cb5111b33
2026-09-21 15:30:27,275 - INFO - Attempt 1/3 for patch results/runs_pilot_rerun_fixed/magicoder_7b__design_v1/synthetic_patch_names/CASE-0025.patch
2026-09-21 15:31:48,543 - ERROR - Error generating rule: Request timed out.
2026-09-21 15:31:48,544 - INFO - Attempt 3/3 for patch results/runs_pilot_rerun_fixed/deepseek-coder_6.7b__design_v1/synthetic_patch_names/CASE-0007.patch
2026-09-21 15:32:27,300 - INFO - Retrying request in 0.463550 seconds
2026-09-21 15:32:36,643 - INFO - HTTP Request: POST https://gptlab.rd.tuni.fi/GPT-Lab/resources/GPU-farmi-001/v1/chat/completions "HTTP/1.1 200 OK"
2026-09-21 15:32:36,651 - ERROR - Invalid rule schema: Missing required fields: message
2026-09-21 15:32:36,651 - INFO - Attempt 2/3 for patch results/runs_pilot_rerun_fixed/magicoder_7b__design_v1/synthetic_patch_names/CASE-0025.patch
2026-09-21 15:32:49,584 - INFO - HTTP Request: POST https://gptlab.rd.tuni.fi/GPT-Lab/resources/GPU-farmi-001/v1/chat/completions "HTTP/1.1 200 OK"
2026-09-21 15:32:49,593 - ERROR - Invalid rule schema: Missing required fields: message
2026-09-21 15:32:49,593 - INFO - Attempt 3/3 for patch results/runs_pilot_rerun_fixed/magicoder_7b__design_v1/synthetic_patch_names/CASE-0025.patch
2026-09-21 15:32:59,795 - INFO - HTTP Request: POST https://gptlab.rd.tuni.fi/GPT-Lab/resources/GPU-farmi-001/v1/chat/completions "HTTP/1.1 200 OK"
2026-09-21 15:32:59,803 - ERROR - Invalid rule schema: Missing required fields: message
2026-09-21 15:32:59,982 - ERROR - Invalid rule schema: Missing required fields: message
2026-09-21 15:32:59,983 - ERROR - Invalid rule schema: Missing required fields: message
2026-09-21 15:32:59,985 - ERROR - Invalid rule schema: Missing required fields: message
2026-09-21 15:32:59,986 - ERROR - Invalid rule schema: Missing required fields: message
2026-09-21 15:33:00,001 - INFO - Cloning repository: NodeBB/NodeBB
2026-09-21 15:33:16,476 - INFO - Found commit: 48d143921753914da45926cca6370a92ed0c46b8
2026-09-21 15:33:18,834 - INFO - Attempt 1/3 for patch results/runs_pilot_rerun_fixed/magicoder_7b__design_v1/synthetic_patch_names/CASE-0026.patch
2026-09-21 15:33:23,710 - INFO - HTTP Request: POST https://gptlab.rd.tuni.fi/GPT-Lab/resources/GPU-farmi-001/v1/chat/completions "HTTP/1.1 200 OK"
2026-09-21 15:33:23,712 - ERROR - Invalid rule schema: Missing required fields: pattern, message
2026-09-21 15:33:23,713 - INFO - Attempt 2/3 for patch results/runs_pilot_rerun_fixed/magicoder_7b__design_v1/synthetic_patch_names/CASE-0026.patch
2026-09-21 15:33:28,748 - INFO - HTTP Request: POST https://gptlab.rd.tuni.fi/GPT-Lab/resources/GPU-farmi-001/v1/chat/completions "HTTP/1.1 200 OK"
2026-09-21 15:33:30,222 - WARNING - Attempt 2 failed: ['file:["src/socket.io/index.js"]', 'function[Namespaces]', 'call(Namespaces)'] is not of type 'string'
2026-09-21 15:33:30,222 - INFO - Attempt 3/3 for patch results/runs_pilot_rerun_fixed/magicoder_7b__design_v1/synthetic_patch_names/CASE-0026.patch
2026-09-21 15:33:35,610 - INFO - HTTP Request: POST https://gptlab.rd.tuni.fi/GPT-Lab/resources/GPU-farmi-001/v1/chat/completions "HTTP/1.1 200 OK"
2026-09-21 15:33:38,473 - WARNING - Attempt 3 failed: Rule failed to detect vulnerability in original version
2026-09-21 15:33:38,549 - ERROR - Invalid rule schema: Missing required fields: pattern, message
2026-09-21 15:33:38,550 - ERROR - Invalid rule schema: Missing required fields: pattern, message
2026-09-21 15:33:43,233 - INFO - Cloning repository: ether/etherpad-lite
2026-09-21 15:33:48,577 - INFO - Retrying request in 0.446813 seconds
2026-09-21 15:33:50,791 - INFO - Found commit: 9d4e5f6e35153129377206ef545d4965afae627d
2026-09-21 15:33:52,620 - INFO - Attempt 1/3 for patch results/runs_pilot_rerun_fixed/magicoder_7b__design_v1/synthetic_patch_names/CASE-0027.patch
2026-09-21 15:34:02,464 - INFO - HTTP Request: POST https://gptlab.rd.tuni.fi/GPT-Lab/resources/GPU-farmi-001/v1/chat/completions "HTTP/1.1 200 OK"
2026-09-21 15:34:02,467 - ERROR - Invalid rule schema: Missing required fields: message
2026-09-21 15:34:02,467 - INFO - Attempt 2/3 for patch results/runs_pilot_rerun_fixed/magicoder_7b__design_v1/synthetic_patch_names/CASE-0027.patch
2026-09-21 15:34:10,553 - INFO - HTTP Request: POST https://gptlab.rd.tuni.fi/GPT-Lab/resources/GPU-farmi-001/v1/chat/completions "HTTP/1.1 200 OK"
2026-09-21 15:34:10,556 - ERROR - Invalid rule schema: Missing required fields: pattern, message
2026-09-21 15:34:10,556 - INFO - Attempt 3/3 for patch results/runs_pilot_rerun_fixed/magicoder_7b__design_v1/synthetic_patch_names/CASE-0027.patch
2026-09-21 15:34:18,929 - INFO - HTTP Request: POST https://gptlab.rd.tuni.fi/GPT-Lab/resources/GPU-farmi-001/v1/chat/completions "HTTP/1.1 200 OK"
2026-09-21 15:34:18,935 - ERROR - Invalid rule schema: Missing required fields: pattern, message
2026-09-21 15:34:19,038 - ERROR - Invalid rule schema: Missing required fields: message
2026-09-21 15:34:19,039 - ERROR - Invalid rule schema: Missing required fields: message
2026-09-21 15:34:19,041 - ERROR - Invalid rule schema: Missing required fields: pattern, message
2026-09-21 15:34:19,042 - ERROR - Invalid rule schema: Missing required fields: pattern, message
2026-09-21 15:34:19,083 - INFO - Cloning repository: kanaka/noVNC
2026-09-21 15:34:21,231 - INFO - Found commit: ad941faddead705cd611921730054767a0b32dcd
2026-09-21 15:34:22,886 - INFO - Attempt 1/3 for patch results/runs_pilot_rerun_fixed/magicoder_7b__design_v1/synthetic_patch_names/CASE-0028.patch
2026-09-21 15:34:34,823 - INFO - HTTP Request: POST https://gptlab.rd.tuni.fi/GPT-Lab/resources/GPU-farmi-001/v1/chat/completions "HTTP/1.1 200 OK"
2026-09-21 15:34:34,846 - ERROR - Invalid rule schema: Missing required fields: pattern, message
2026-09-21 15:34:34,846 - INFO - Attempt 2/3 for patch results/runs_pilot_rerun_fixed/magicoder_7b__design_v1/synthetic_patch_names/CASE-0028.patch
2026-09-21 15:34:44,025 - INFO - HTTP Request: POST https://gptlab.rd.tuni.fi/GPT-Lab/resources/GPU-farmi-001/v1/chat/completions "HTTP/1.1 200 OK"
2026-09-21 15:34:44,031 - ERROR - Invalid rule schema: Missing required fields: message
2026-09-21 15:34:44,031 - INFO - Attempt 3/3 for patch results/runs_pilot_rerun_fixed/magicoder_7b__design_v1/synthetic_patch_names/CASE-0028.patch
2026-09-21 15:34:53,936 - INFO - HTTP Request: POST https://gptlab.rd.tuni.fi/GPT-Lab/resources/GPU-farmi-001/v1/chat/completions "HTTP/1.1 200 OK"
2026-09-21 15:34:53,945 - ERROR - Invalid rule schema: Missing required fields: message
2026-09-21 15:34:54,031 - ERROR - Invalid rule schema: Missing required fields: pattern, message
2026-09-21 15:34:54,032 - ERROR - Invalid rule schema: Missing required fields: pattern, message
2026-09-21 15:34:54,034 - ERROR - Invalid rule schema: Missing required fields: message
2026-09-21 15:34:54,036 - ERROR - Invalid rule schema: Missing required fields: message
2026-09-21 15:34:54,080 - INFO - Cloning repository: micromatch/braces
2026-09-21 15:34:55,121 - INFO - Found commit: abdafb0cae1e0c00f184abbadc692f4eaa98f451
2026-09-21 15:34:56,648 - INFO - Attempt 1/3 for patch results/runs_pilot_rerun_fixed/magicoder_7b__design_v1/synthetic_patch_names/CASE-0029.patch
2026-09-21 15:35:02,983 - INFO - HTTP Request: POST https://gptlab.rd.tuni.fi/GPT-Lab/resources/GPU-farmi-001/v1/chat/completions "HTTP/1.1 200 OK"
2026-09-21 15:35:02,991 - ERROR - Invalid rule schema: Missing required fields: message
2026-09-21 15:35:02,991 - INFO - Attempt 2/3 for patch results/runs_pilot_rerun_fixed/magicoder_7b__design_v1/synthetic_patch_names/CASE-0029.patch
2026-09-21 15:35:15,338 - INFO - HTTP Request: POST https://gptlab.rd.tuni.fi/GPT-Lab/resources/GPU-farmi-001/v1/chat/completions "HTTP/1.1 200 OK"
2026-09-21 15:35:16,912 - WARNING - Attempt 2 failed: ['(function|var|let|const) [a-zA-Z0-9_]*\\\\.set\\\\("multiplier", function\\\\(\\\\) {\\\\s*var isInside = this\\\\.isInside\\\\("brace"\\\\);\\\\s*var pos = this\\\\.position\\\\(\\\\);\\\\s*var m = this\\\\.match\\\\(/^\\\\{\\\\{((?:,|\\\\{,+\\\\})+)\\\\}\\\\/\\\\);\\\\s*if \\\\(!m\\\\) return;)', 'this\\\\.multiplier = true;\\\\s*var prev = this\\\\.prev\\\\(\\\\);\\\\s*var val = m\\\\[0\\\\];', 'if \\\\(isInside && prev\\\\.type === "brace"\\\\) {\\\\s*prev\\\\.text = prev\\\\.text || "";\\\\s*prev\\\\.text += val;}', 'var node = pos\\\\(new Node\\\\({ type: "text", multiplier: 1, match: m, val: val }\\\\));', 'return concatNodes\\\\.call\\\\(this, pos, node, prev, options\\\\);'] is not of type 'string'
2026-09-21 15:35:16,913 - INFO - Attempt 3/3 for patch results/runs_pilot_rerun_fixed/magicoder_7b__design_v1/synthetic_patch_names/CASE-0029.patch
2026-09-21 15:35:23,172 - INFO - HTTP Request: POST https://gptlab.rd.tuni.fi/GPT-Lab/resources/GPU-farmi-001/v1/chat/completions "HTTP/1.1 200 OK"
2026-09-21 15:35:23,177 - ERROR - YAML parsing error: while parsing a block mapping
  in "<unicode string>", line 1, column 1:
    id: "vuln-braces-abdafb0c"
    ^
expected <block end>, but found '<scalar>'
  in "<unicode string>", line 2, column 61:
     ... const) [a-zA-Z0-9_]*\\.set\\(\\"multiplier", function\\(\\) {\\s ... 
                                         ^
2026-09-21 15:35:23,177 - ERROR - Failed to clean YAML text
2026-09-21 15:35:23,253 - ERROR - Invalid rule schema: Missing required fields: message
2026-09-21 15:35:23,254 - ERROR - Invalid rule schema: Missing required fields: message
2026-09-21 15:35:24,676 - ERROR - YAML parsing error: while parsing a block mapping
  in "<unicode string>", line 1, column 1:
    id: "vuln-braces-abdafb0c"
    ^
expected <block end>, but found '<scalar>'
  in "<unicode string>", line 2, column 61:
     ... const) [a-zA-Z0-9_]*\\.set\\(\\"multiplier", function\\(\\) {\\s ... 
                                         ^
2026-09-21 15:35:24,677 - ERROR - Failed to clean YAML text
2026-09-21 15:35:24,719 - INFO - Cloning repository: mongodb/js-bson
2026-09-21 15:35:26,909 - INFO - Found commit: bd61c45157c53a1698ff23770160cf4783e9ea4a
2026-09-21 15:35:28,526 - INFO - Attempt 1/3 for patch results/runs_pilot_rerun_fixed/magicoder_7b__design_v1/synthetic_patch_names/CASE-0030.patch
2026-09-21 15:35:40,184 - INFO - HTTP Request: POST https://gptlab.rd.tuni.fi/GPT-Lab/resources/GPU-farmi-001/v1/chat/completions "HTTP/1.1 200 OK"
2026-09-21 15:35:40,193 - ERROR - Invalid rule schema: Missing required fields: pattern, message
2026-09-21 15:35:40,193 - INFO - Attempt 2/3 for patch results/runs_pilot_rerun_fixed/magicoder_7b__design_v1/synthetic_patch_names/CASE-0030.patch
2026-09-21 15:35:49,061 - INFO - Retrying request in 0.800560 seconds
2026-09-21 15:37:40,198 - INFO - Retrying request in 0.446800 seconds
2026-09-21 15:37:49,904 - ERROR - Error generating rule: Request timed out.
2026-09-21 15:37:50,326 - WARNING - [CASE-0007] no raw capture file found -- raw condition skipped
2026-09-21 15:37:50,339 - INFO - Cloning repository: parisneo/lollms-webui
2026-09-21 15:37:54,945 - INFO - HTTP Request: POST https://gptlab.rd.tuni.fi/GPT-Lab/resources/GPU-farmi-001/v1/chat/completions "HTTP/1.1 200 OK"
2026-09-21 15:37:54,950 - ERROR - Invalid rule schema: Missing required fields: pattern, message
2026-09-21 15:37:54,950 - INFO - Attempt 3/3 for patch results/runs_pilot_rerun_fixed/magicoder_7b__design_v1/synthetic_patch_names/CASE-0030.patch
2026-09-21 15:38:09,513 - INFO - HTTP Request: POST https://gptlab.rd.tuni.fi/GPT-Lab/resources/GPU-farmi-001/v1/chat/completions "HTTP/1.1 200 OK"
2026-09-21 15:38:09,517 - ERROR - Invalid rule schema: Missing required fields: pattern, message
2026-09-21 15:38:09,581 - ERROR - Invalid rule schema: Missing required fields: pattern, message
2026-09-21 15:38:09,582 - ERROR - Invalid rule schema: Missing required fields: pattern, message
2026-09-21 15:38:09,583 - ERROR - Invalid rule schema: Missing required fields: pattern, message
2026-09-21 15:38:09,584 - ERROR - Invalid rule schema: Missing required fields: pattern, message
2026-09-21 15:38:09,617 - INFO - Cloning repository: Dokploy/dokploy
2026-09-21 15:38:19,648 - INFO - Found commit: 61cf426615a4aa095b150362526aa52f2d1ea115
2026-09-21 15:38:21,622 - INFO - Attempt 1/3 for patch results/runs_pilot_rerun_fixed/magicoder_7b__design_v1/synthetic_patch_names/CASE-0031.patch
2026-09-21 15:38:29,557 - INFO - HTTP Request: POST https://gptlab.rd.tuni.fi/GPT-Lab/resources/GPU-farmi-001/v1/chat/completions "HTTP/1.1 200 OK"
2026-09-21 15:38:31,352 - WARNING - Attempt 1 failed: {'code': 2, 'level': 'error', 'type': 'Rule parse error', 'rule_id': 'var.folders.d5.5xvkptzs6cd9t_077gyhh1400000gr.T.vuln-dokploy-61cf4266', 'message': 'Rule parse error in rule var.folders.d5.5xvkptzs6cd9t_077gyhh1400000gr.T.vuln-dokploy-61cf4266:\n Invalid pattern for TypeScript: Stdlib.Parsing.Parse_error\n----- pattern -----\n(?i)\n\\b(import|require)\\s*\\(.*\\bdb\\.query\\.member\\.findFirst\\(.*\\)\n.*\n\\b(return|throw)\\s*\\(.*?\\bmemberResult\\b.*?;\n----- end pattern -----\n'}
2026-09-21 15:38:31,352 - INFO - Attempt 2/3 for patch results/runs_pilot_rerun_fixed/magicoder_7b__design_v1/synthetic_patch_names/CASE-0031.patch
2026-09-21 15:38:37,863 - INFO - HTTP Request: POST https://gptlab.rd.tuni.fi/GPT-Lab/resources/GPU-farmi-001/v1/chat/completions "HTTP/1.1 200 OK"
2026-09-21 15:38:39,554 - WARNING - Attempt 2 failed: {'code': 2, 'level': 'error', 'type': 'Rule parse error', 'rule_id': 'var.folders.d5.5xvkptzs6cd9t_077gyhh1400000gr.T.vuln-dokploy-61cf4266', 'message': 'Rule parse error in rule var.folders.d5.5xvkptzs6cd9t_077gyhh1400000gr.T.vuln-dokploy-61cf4266:\n Invalid pattern for TypeScript: Stdlib.Parsing.Parse_error\n----- pattern -----\n(?i) \\\\b(import|require)\\\\s*\\\\(.*\\\\bdb\\\\.query\\\\.member\\\\.findFirst\\\\(.*\\\\);.*?\\\\b(return|throw)\\\\s*\\\\(.*?\\\\bmemberResult\\\\b.*?;\n\n----- end pattern -----\n'}
2026-09-21 15:38:39,555 - INFO - Attempt 3/3 for patch results/runs_pilot_rerun_fixed/magicoder_7b__design_v1/synthetic_patch_names/CASE-0031.patch
2026-09-21 15:38:49,495 - INFO - HTTP Request: POST https://gptlab.rd.tuni.fi/GPT-Lab/resources/GPU-farmi-001/v1/chat/completions "HTTP/1.1 200 OK"
2026-09-21 15:38:50,948 - WARNING - Attempt 3 failed: ['(?i) \\\\b(import|require)\\\\s*\\\\(.*\\\\bdb\\\\.query\\\\.member\\\\.findFirst\\\\(.*\\\\);.*?\\\\b(return|throw)\\\\s*\\\\(.*?\\\\bmemberResult\\\\b.*?;'] is not of type 'string'
2026-09-21 15:38:53,173 - INFO - Found commit: 6d07c8a0dd0a15cc060becc73fda9fe8e788eb23
2026-09-21 15:38:55,309 - INFO - Attempt 1/3 for patch results/runs_pilot_rerun_fixed/deepseek-coder_6.7b__design_v1/synthetic_patch_names/CASE-0008.patch
2026-09-21 15:39:09,710 - INFO - Cloning repository: Eugeny/tabby
2026-09-21 15:39:22,853 - INFO - Found commit: 1c077147acd0a6ec9f8ee80d83a3e9688fbb9444
2026-09-21 15:39:24,697 - INFO - Attempt 1/3 for patch results/runs_pilot_rerun_fixed/magicoder_7b__design_v1/synthetic_patch_names/CASE-0032.patch
2026-09-21 15:39:30,895 - INFO - HTTP Request: POST https://gptlab.rd.tuni.fi/GPT-Lab/resources/GPU-farmi-001/v1/chat/completions "HTTP/1.1 200 OK"
2026-09-21 15:39:30,903 - ERROR - Invalid rule schema: Missing required fields: message
2026-09-21 15:39:30,903 - INFO - Attempt 2/3 for patch results/runs_pilot_rerun_fixed/magicoder_7b__design_v1/synthetic_patch_names/CASE-0032.patch
2026-09-21 15:39:37,996 - INFO - HTTP Request: POST https://gptlab.rd.tuni.fi/GPT-Lab/resources/GPU-farmi-001/v1/chat/completions "HTTP/1.1 200 OK"
2026-09-21 15:39:38,001 - ERROR - Invalid rule schema: Missing required fields: pattern
2026-09-21 15:39:38,001 - INFO - Attempt 3/3 for patch results/runs_pilot_rerun_fixed/magicoder_7b__design_v1/synthetic_patch_names/CASE-0032.patch
2026-09-21 15:39:43,358 - INFO - HTTP Request: POST https://gptlab.rd.tuni.fi/GPT-Lab/resources/GPU-farmi-001/v1/chat/completions "HTTP/1.1 200 OK"
2026-09-21 15:39:43,358 - INFO - HTTP Request: POST https://gptlab.rd.tuni.fi/GPT-Lab/resources/GPU-farmi-004/v1/chat/completions "HTTP/1.1 200 OK"
2026-09-21 15:39:43,363 - ERROR - Invalid rule schema: Missing required fields: message
2026-09-21 15:39:43,382 - ERROR - YAML parsing error: maximum recursion depth exceeded
2026-09-21 15:39:43,398 - ERROR - Failed to clean YAML text
2026-09-21 15:39:43,398 - INFO - Attempt 2/3 for patch results/runs_pilot_rerun_fixed/deepseek-coder_6.7b__design_v1/synthetic_patch_names/CASE-0008.patch
2026-09-21 15:39:43,490 - ERROR - Invalid rule schema: Missing required fields: message
2026-09-21 15:39:43,491 - ERROR - Invalid rule schema: Missing required fields: message
2026-09-21 15:39:43,493 - ERROR - Invalid rule schema: Missing required fields: pattern
2026-09-21 15:39:43,494 - ERROR - Invalid rule schema: Missing required fields: message
2026-09-21 15:39:43,538 - INFO - Cloning repository: JstnMcBrd/dectalk-tts
2026-09-21 15:39:44,747 - INFO - Found commit: 3600d8ac156f27da553ac4ead46d16989a350105
2026-09-21 15:39:46,409 - INFO - Attempt 1/3 for patch results/runs_pilot_rerun_fixed/magicoder_7b__design_v1/synthetic_patch_names/CASE-0033.patch
2026-09-21 15:39:49,194 - INFO - HTTP Request: POST https://gptlab.rd.tuni.fi/GPT-Lab/resources/GPU-farmi-004/v1/chat/completions "HTTP/1.1 200 OK"
2026-09-21 15:39:50,765 - WARNING - Attempt 2 failed: [{'languages': ['python'], 'message': 'Potential path traversal vulnerability in install_app function', 'pattern-not': 'async def install_app(app_name: str, auth: AuthRequest):\n  ...\n  app_name=sanitize_path(app_name)\n  ...\n'}] is not of type 'string'
2026-09-21 15:39:50,765 - INFO - Attempt 3/3 for patch results/runs_pilot_rerun_fixed/deepseek-coder_6.7b__design_v1/synthetic_patch_names/CASE-0008.patch
2026-09-21 15:39:52,094 - INFO - HTTP Request: POST https://gptlab.rd.tuni.fi/GPT-Lab/resources/GPU-farmi-004/v1/chat/completions "HTTP/1.1 200 OK"
2026-09-21 15:39:53,802 - INFO - HTTP Request: POST https://gptlab.rd.tuni.fi/GPT-Lab/resources/GPU-farmi-001/v1/chat/completions "HTTP/1.1 200 OK"
2026-09-21 15:39:53,804 - ERROR - YAML parsing error: while parsing a block mapping
  in "<unicode string>", line 15, column 5:
      - '(import { URL, URLSearchParams  ... 
        ^
expected <block end>, but found '<scalar>'
  in "<unicode string>", line 15, column 46:
     ... { URL, URLSearchParams } from \'node:url\';)?\\s*export default  ... 
                                         ^
2026-09-21 15:39:53,804 - ERROR - Failed to clean YAML text
2026-09-21 15:39:53,804 - INFO - Attempt 2/3 for patch results/runs_pilot_rerun_fixed/magicoder_7b__design_v1/synthetic_patch_names/CASE-0033.patch
2026-09-21 15:39:55,193 - WARNING - Attempt 3 failed: Rule failed to detect vulnerability in original version
2026-09-21 15:39:55,267 - ERROR - YAML parsing error: maximum recursion depth exceeded
2026-09-21 15:39:55,283 - ERROR - Failed to clean YAML text
2026-09-21 15:39:55,299 - ERROR - YAML parsing error: maximum recursion depth exceeded
2026-09-21 15:39:55,314 - ERROR - Failed to clean YAML text
2026-09-21 15:39:59,433 - INFO - HTTP Request: POST https://gptlab.rd.tuni.fi/GPT-Lab/resources/GPU-farmi-001/v1/chat/completions "HTTP/1.1 200 OK"
2026-09-21 15:39:59,436 - ERROR - Invalid rule schema: Missing required fields: message
2026-09-21 15:39:59,436 - INFO - Attempt 3/3 for patch results/runs_pilot_rerun_fixed/magicoder_7b__design_v1/synthetic_patch_names/CASE-0033.patch
2026-09-21 15:39:59,952 - INFO - Cloning repository: scottcwang/openssh_key_parser
2026-09-21 15:40:00,959 - INFO - Found commit: 26e0a471e9fdb23e635bc3014cf4cbd2323a08d3
2026-09-21 15:40:02,539 - INFO - Attempt 1/3 for patch results/runs_pilot_rerun_fixed/deepseek-coder_6.7b__design_v1/synthetic_patch_names/CASE-0009.patch
2026-09-21 15:40:05,169 - INFO - HTTP Request: POST https://gptlab.rd.tuni.fi/GPT-Lab/resources/GPU-farmi-001/v1/chat/completions "HTTP/1.1 200 OK"
2026-09-21 15:40:05,173 - ERROR - Invalid rule schema: Missing required fields: message
2026-09-21 15:40:05,236 - ERROR - YAML parsing error: while parsing a block mapping
  in "<unicode string>", line 15, column 5:
      - '(import { URL, URLSearchParams  ... 
        ^
expected <block end>, but found '<scalar>'
  in "<unicode string>", line 15, column 46:
     ... { URL, URLSearchParams } from \'node:url\';)?\\s*export default  ... 
                                         ^
2026-09-21 15:40:05,237 - ERROR - Failed to clean YAML text
2026-09-21 15:40:05,237 - ERROR - YAML parsing error: while parsing a block mapping
  in "<unicode string>", line 15, column 5:
      - '(import { URL, URLSearchParams  ... 
        ^
expected <block end>, but found '<scalar>'
  in "<unicode string>", line 15, column 46:
     ... { URL, URLSearchParams } from \'node:url\';)?\\s*export default  ... 
                                         ^
2026-09-21 15:40:05,238 - ERROR - Failed to clean YAML text
2026-09-21 15:40:05,240 - ERROR - Invalid rule schema: Missing required fields: message
2026-09-21 15:40:05,241 - ERROR - Invalid rule schema: Missing required fields: message
2026-09-21 15:40:05,272 - INFO - Cloning repository: OneUptime/oneuptime
2026-09-21 15:40:09,009 - INFO - HTTP Request: POST https://gptlab.rd.tuni.fi/GPT-Lab/resources/GPU-farmi-004/v1/chat/completions "HTTP/1.1 200 OK"
2026-09-21 15:40:10,590 - WARNING - Attempt 1 failed: {'code': 2, 'level': 'error', 'type': 'Rule parse error', 'rule_id': 'var.folders.d5.5xvkptzs6cd9t_077gyhh1400000gr.T.vuln-openssh-key-parser-26e0a471', 'message': 'Rule parse error in rule var.folders.d5.5xvkptzs6cd9t_077gyhh1400000gr.T.vuln-openssh-key-parser-26e0a471:\n Invalid pattern for Python: Stdlib.Parsing.Parse_error\n----- pattern -----\n$X = EOFError($Y)\nwhere $X.args[0] == $Y\n----- end pattern -----\n'}
2026-09-21 15:40:10,590 - INFO - Attempt 2/3 for patch results/runs_pilot_rerun_fixed/deepseek-coder_6.7b__design_v1/synthetic_patch_names/CASE-0009.patch
2026-09-21 15:40:12,506 - INFO - HTTP Request: POST https://gptlab.rd.tuni.fi/GPT-Lab/resources/GPU-farmi-004/v1/chat/completions "HTTP/1.1 200 OK"
2026-09-21 15:40:14,004 - WARNING - Attempt 2 failed: {'code': 2, 'level': 'error', 'type': 'Rule parse error', 'rule_id': 'var.folders.d5.5xvkptzs6cd9t_077gyhh1400000gr.T.vuln-openssh-key-parser-26e0a471', 'message': 'Rule parse error in rule var.folders.d5.5xvkptzs6cd9t_077gyhh1400000gr.T.vuln-openssh-key-parser-26e0a471:\n Invalid pattern for Python: Stdlib.Parsing.Parse_error\n----- pattern -----\n$X = EOFError($Y)\nwhere $X.args[0] == $Y\n----- end pattern -----\n'}
2026-09-21 15:40:14,004 - INFO - Attempt 3/3 for patch results/runs_pilot_rerun_fixed/deepseek-coder_6.7b__design_v1/synthetic_patch_names/CASE-0009.patch
2026-09-21 15:40:15,875 - INFO - HTTP Request: POST https://gptlab.rd.tuni.fi/GPT-Lab/resources/GPU-farmi-004/v1/chat/completions "HTTP/1.1 200 OK"
2026-09-21 15:40:17,483 - WARNING - Attempt 3 failed: {'code': 2, 'level': 'error', 'type': 'Rule parse error', 'rule_id': 'var.folders.d5.5xvkptzs6cd9t_077gyhh1400000gr.T.vuln-openssh-key-parser-26e0a471', 'message': 'Rule parse error in rule var.folders.d5.5xvkptzs6cd9t_077gyhh1400000gr.T.vuln-openssh-key-parser-26e0a471:\n Invalid pattern for Python: Stdlib.Parsing.Parse_error\n----- pattern -----\n$X = EOFError($Y)\nwhere $X.args[0] == $Y\n----- end pattern -----\n'}
2026-09-21 15:40:31,508 - INFO - Cloning repository: projectdiscovery/interactsh
2026-09-21 15:40:33,462 - INFO - Found commit: 6a0cb98b16636a98712729f3d23e34d8bf7260e7
2026-09-21 15:40:34,950 - INFO - Attempt 1/3 for patch results/runs_pilot_rerun_fixed/deepseek-coder_6.7b__design_v1/synthetic_patch_names/CASE-0010.patch
2026-09-21 15:40:38,900 - INFO - HTTP Request: POST https://gptlab.rd.tuni.fi/GPT-Lab/resources/GPU-farmi-004/v1/chat/completions "HTTP/1.1 200 OK"
2026-09-21 15:40:45,817 - INFO - Successfully generated valid rule for results/runs_pilot_rerun_fixed/deepseek-coder_6.7b__design_v1/synthetic_patch_names/CASE-0010.patch
2026-09-21 15:41:17,044 - INFO - Cloning repository: FasterXML/jackson-databind
2026-09-21 15:41:32,145 - INFO - Found commit: 3d97153944f7de9c19c1b3637b33d3cf1fbbe4d7
2026-09-21 15:41:34,336 - INFO - Attempt 1/3 for patch results/runs_pilot_rerun_fixed/deepseek-coder_6.7b__design_v1/synthetic_patch_names/CASE-0011.patch
2026-09-21 15:41:39,584 - INFO - HTTP Request: POST https://gptlab.rd.tuni.fi/GPT-Lab/resources/GPU-farmi-004/v1/chat/completions "HTTP/1.1 200 OK"
2026-09-21 15:41:41,330 - WARNING - Attempt 1 failed: {'code': 2, 'level': 'error', 'type': 'Rule parse error', 'rule_id': 'var.folders.d5.5xvkptzs6cd9t_077gyhh1400000gr.T.vuln-jackson-databind-3d971539', 'message': 'Rule parse error in rule var.folders.d5.5xvkptzs6cd9t_077gyhh1400000gr.T.vuln-jackson-databind-3d971539:\n Invalid pattern for Java: `$s\' is neither a valid identifier in Java nor a valid meta-variable\n----- pattern -----\n$s = new HashSet<String>();\n...\ns.add("br.com.anteros.dbcp.AnterosDBCPDataSource");\n...\nDEFAULT_NO_DESER_CLASS_NAMES = Collections.unmodifiableSet(s);\n\n----- end pattern -----\n'}
2026-09-21 15:41:41,330 - INFO - Attempt 2/3 for patch results/runs_pilot_rerun_fixed/deepseek-coder_6.7b__design_v1/synthetic_patch_names/CASE-0011.patch
2026-09-21 15:41:44,679 - INFO - HTTP Request: POST https://gptlab.rd.tuni.fi/GPT-Lab/resources/GPU-farmi-004/v1/chat/completions "HTTP/1.1 200 OK"
2026-09-21 15:41:46,377 - WARNING - Attempt 2 failed: {'code': 2, 'level': 'error', 'type': 'Rule parse error', 'rule_id': 'var.folders.d5.5xvkptzs6cd9t_077gyhh1400000gr.T.vuln-jackson-databind-3d971539', 'message': 'Rule parse error in rule var.folders.d5.5xvkptzs6cd9t_077gyhh1400000gr.T.vuln-jackson-databind-3d971539:\n Invalid pattern for Java: `$s\' is neither a valid identifier in Java nor a valid meta-variable\n----- pattern -----\n$s = new HashSet<String>();\n...\n$s.add("br.com.anteros.dbcp.AnterosDBCPDataSource");\n...\nDEFAULT_NO_DESER_CLASS_NAMES = Collections.unmodifiableSet(s);\n----- end pattern -----\n'}
2026-09-21 15:41:46,377 - INFO - Attempt 3/3 for patch results/runs_pilot_rerun_fixed/deepseek-coder_6.7b__design_v1/synthetic_patch_names/CASE-0011.patch
2026-09-21 15:41:50,412 - INFO - HTTP Request: POST https://gptlab.rd.tuni.fi/GPT-Lab/resources/GPU-farmi-004/v1/chat/completions "HTTP/1.1 200 OK"
2026-09-21 15:41:52,973 - INFO - Found commit: 07bc6d4edde7397ea6b88f889c065ec392052ab4
2026-09-21 15:41:54,227 - WARNING - Attempt 3 failed: Rule failed to detect vulnerability in original version
2026-09-21 15:41:57,079 - INFO - Attempt 1/3 for patch results/runs_pilot_rerun_fixed/magicoder_7b__design_v1/synthetic_patch_names/CASE-0034.patch
2026-09-21 15:42:01,909 - INFO - HTTP Request: POST https://gptlab.rd.tuni.fi/GPT-Lab/resources/GPU-farmi-001/v1/chat/completions "HTTP/1.1 200 OK"
2026-09-21 15:42:01,911 - ERROR - Invalid rule schema: Missing required fields: message
2026-09-21 15:42:01,911 - INFO - Attempt 2/3 for patch results/runs_pilot_rerun_fixed/magicoder_7b__design_v1/synthetic_patch_names/CASE-0034.patch
2026-09-21 15:42:07,434 - INFO - HTTP Request: POST https://gptlab.rd.tuni.fi/GPT-Lab/resources/GPU-farmi-001/v1/chat/completions "HTTP/1.1 200 OK"
2026-09-21 15:42:09,451 - WARNING - Attempt 2 failed: {'code': 2, 'level': 'error', 'type': 'Rule parse error', 'rule_id': 'var.folders.d5.5xvkptzs6cd9t_077gyhh1400000gr.T.vuln-oneuptime-07bc6d4e', 'message': 'Rule parse error in rule var.folders.d5.5xvkptzs6cd9t_077gyhh1400000gr.T.vuln-oneuptime-07bc6d4e:\n Invalid pattern for TypeScript: Stdlib.Parsing.Parse_error\n----- pattern -----\n^\\s*@TableAccessControl\\({create:\\[Permission\\.Public\\]}\n----- end pattern -----\n'}
2026-09-21 15:42:09,451 - INFO - Attempt 3/3 for patch results/runs_pilot_rerun_fixed/magicoder_7b__design_v1/synthetic_patch_names/CASE-0034.patch
2026-09-21 15:42:11,346 - INFO - Cloning repository: HtmlUnit/htmlunit
2026-09-21 15:42:14,095 - INFO - HTTP Request: POST https://gptlab.rd.tuni.fi/GPT-Lab/resources/GPU-farmi-001/v1/chat/completions "HTTP/1.1 200 OK"
2026-09-21 15:42:15,884 - WARNING - Attempt 3 failed: {'code': 2, 'level': 'error', 'type': 'Rule parse error', 'rule_id': 'var.folders.d5.5xvkptzs6cd9t_077gyhh1400000gr.T.vuln-oneuptime-07bc6d4e', 'message': 'Rule parse error in rule var.folders.d5.5xvkptzs6cd9t_077gyhh1400000gr.T.vuln-oneuptime-07bc6d4e:\n Invalid pattern for TypeScript: Failure: no pattern found\n----- pattern -----\n^\\\\s*@TableAccessControl\\\\({create:\\\\[Permission\\\\.Public\\\\]}\\\\s*$\n----- end pattern -----\n'}
2026-09-21 15:42:15,970 - ERROR - Invalid rule schema: Missing required fields: message
2026-09-21 15:42:15,971 - ERROR - Invalid rule schema: Missing required fields: message
2026-09-21 15:42:19,570 - INFO - Cloning repository: OpenSlides/openslides-auth-service
2026-09-21 15:42:21,516 - INFO - Found commit: 70c1aa9f5e1db59ec120ecce98d1c1169350a4ee
2026-09-21 15:42:23,159 - INFO - Attempt 1/3 for patch results/runs_pilot_rerun_fixed/magicoder_7b__design_v1/synthetic_patch_names/CASE-0035.patch
2026-09-21 15:42:34,088 - INFO - HTTP Request: POST https://gptlab.rd.tuni.fi/GPT-Lab/resources/GPU-farmi-001/v1/chat/completions "HTTP/1.1 200 OK"
2026-09-21 15:42:34,096 - ERROR - Invalid rule schema: Missing required fields: message
2026-09-21 15:42:34,096 - INFO - Attempt 2/3 for patch results/runs_pilot_rerun_fixed/magicoder_7b__design_v1/synthetic_patch_names/CASE-0035.patch
2026-09-21 15:42:38,768 - INFO - HTTP Request: POST https://gptlab.rd.tuni.fi/GPT-Lab/resources/GPU-farmi-001/v1/chat/completions "HTTP/1.1 200 OK"
2026-09-21 15:42:38,770 - ERROR - Invalid rule schema: Missing required fields: message
2026-09-21 15:42:38,770 - INFO - Attempt 3/3 for patch results/runs_pilot_rerun_fixed/magicoder_7b__design_v1/synthetic_patch_names/CASE-0035.patch
2026-09-21 15:42:40,576 - INFO - Found commit: 940dc7fd8af9f46ca448c1e548b8f6d064a64290
2026-09-21 15:42:43,981 - INFO - Attempt 1/3 for patch results/runs_pilot_rerun_fixed/deepseek-coder_6.7b__design_v1/synthetic_patch_names/CASE-0012.patch
2026-09-21 15:42:46,037 - INFO - HTTP Request: POST https://gptlab.rd.tuni.fi/GPT-Lab/resources/GPU-farmi-001/v1/chat/completions "HTTP/1.1 200 OK"
2026-09-21 15:42:46,039 - ERROR - Invalid rule schema: Missing required fields: message
2026-09-21 15:42:46,097 - ERROR - Invalid rule schema: Missing required fields: message
2026-09-21 15:42:46,099 - ERROR - Invalid rule schema: Missing required fields: message
2026-09-21 15:42:46,100 - ERROR - Invalid rule schema: Missing required fields: message
2026-09-21 15:42:46,102 - ERROR - Invalid rule schema: Missing required fields: message
2026-09-21 15:42:46,127 - INFO - Cloning repository: awwaiid/mcp-server-taskwarrior
2026-09-21 15:42:47,227 - INFO - Found commit: 1ee3d282debfa0a99afeb41d22c4b2fd5a3148f2
2026-09-21 15:42:48,934 - INFO - Attempt 1/3 for patch results/runs_pilot_rerun_fixed/magicoder_7b__design_v1/synthetic_patch_names/CASE-0036.patch
2026-09-21 15:42:50,502 - INFO - HTTP Request: POST https://gptlab.rd.tuni.fi/GPT-Lab/resources/GPU-farmi-004/v1/chat/completions "HTTP/1.1 200 OK"
2026-09-21 15:42:52,749 - WARNING - Attempt 1 failed: {'code': 2, 'level': 'error', 'type': 'Rule parse error', 'rule_id': 'var.folders.d5.5xvkptzs6cd9t_077gyhh1400000gr.T.vuln-htmlunit-940dc7fd', 'message': "Rule parse error in rule var.folders.d5.5xvkptzs6cd9t_077gyhh1400000gr.T.vuln-htmlunit-940dc7fd:\n Invalid pattern for Java: `$startingNode' is neither a valid identifier in Java nor a valid meta-variable\n----- pattern -----\n$X = function($startingNode) {\n    $parent = $startingNode->getParentNode();\n    if ($parent == null || $parent == $startingNode->this) {\n        return null;\n    }\n    $next = $parent->getNextSibling();\n    while ($next != null && !$this->isAccepted($next)) {\n        $next = $next->getNextSibling();\n    }\n    if ($next == null) {\n        return $this->getNextElementUpwards($parent);\n    }\n    return $next;\n}\n----- end pattern -----\n"}
2026-09-21 15:42:52,749 - INFO - Attempt 2/3 for patch results/runs_pilot_rerun_fixed/deepseek-coder_6.7b__design_v1/synthetic_patch_names/CASE-0012.patch
2026-09-21 15:42:55,255 - INFO - HTTP Request: POST https://gptlab.rd.tuni.fi/GPT-Lab/resources/GPU-farmi-001/v1/chat/completions "HTTP/1.1 200 OK"
2026-09-21 15:42:55,258 - ERROR - Invalid rule schema: Missing required fields: message
2026-09-21 15:42:55,258 - INFO - Attempt 2/3 for patch results/runs_pilot_rerun_fixed/magicoder_7b__design_v1/synthetic_patch_names/CASE-0036.patch
2026-09-21 15:42:57,264 - INFO - HTTP Request: POST https://gptlab.rd.tuni.fi/GPT-Lab/resources/GPU-farmi-004/v1/chat/completions "HTTP/1.1 200 OK"
2026-09-21 15:42:57,266 - ERROR - Invalid rule schema: Missing required fields: pattern
2026-09-21 15:42:57,266 - INFO - Attempt 3/3 for patch results/runs_pilot_rerun_fixed/deepseek-coder_6.7b__design_v1/synthetic_patch_names/CASE-0012.patch
2026-09-21 15:42:59,791 - INFO - HTTP Request: POST https://gptlab.rd.tuni.fi/GPT-Lab/resources/GPU-farmi-004/v1/chat/completions "HTTP/1.1 200 OK"
2026-09-21 15:43:01,507 - WARNING - Attempt 3 failed: {'code': 2, 'level': 'error', 'type': 'Rule parse error', 'rule_id': 'var.folders.d5.5xvkptzs6cd9t_077gyhh1400000gr.T.vuln-htmlunit-940dc7fd', 'message': 'Rule parse error in rule var.folders.d5.5xvkptzs6cd9t_077gyhh1400000gr.T.vuln-htmlunit-940dc7fd:\n Invalid pattern for Java: Stdlib.Parsing.Parse_error\n----- pattern -----\n$X = method(name="getNextElementUpwards" arguments=[$ARG0])\nexists($CALL : Call($X, $ARG1)\n  where $CALL.get_parent().is($ARG0)\n)\n----- end pattern -----\n'}
2026-09-21 15:43:05,292 - INFO - HTTP Request: POST https://gptlab.rd.tuni.fi/GPT-Lab/resources/GPU-farmi-001/v1/chat/completions "HTTP/1.1 200 OK"
2026-09-21 15:43:05,295 - ERROR - Invalid rule schema: Missing required fields: message
2026-09-21 15:43:05,295 - INFO - Attempt 3/3 for patch results/runs_pilot_rerun_fixed/magicoder_7b__design_v1/synthetic_patch_names/CASE-0036.patch
2026-09-21 15:43:12,593 - ERROR - Invalid rule schema: Missing required fields: pattern
2026-09-21 15:43:14,262 - INFO - Cloning repository: KnowageLabs/Knowage-Server
2026-09-21 15:43:19,561 - INFO - HTTP Request: POST https://gptlab.rd.tuni.fi/GPT-Lab/resources/GPU-farmi-001/v1/chat/completions "HTTP/1.1 200 OK"
2026-09-21 15:43:19,564 - ERROR - Invalid rule schema: Missing required fields: message
2026-09-21 15:43:19,614 - ERROR - Invalid rule schema: Missing required fields: message
2026-09-21 15:43:19,616 - ERROR - Invalid rule schema: Missing required fields: message
2026-09-21 15:43:19,618 - ERROR - Invalid rule schema: Missing required fields: message
2026-09-21 15:43:19,620 - ERROR - Invalid rule schema: Missing required fields: message
2026-09-21 15:43:19,635 - INFO - Cloning repository: edmundhung/conform
2026-09-21 15:43:24,120 - INFO - Found commit: 4819d51b5a53fd5486fc85c17cdc148eb160e3de
2026-09-21 15:43:26,037 - INFO - Attempt 1/3 for patch results/runs_pilot_rerun_fixed/magicoder_7b__design_v1/synthetic_patch_names/CASE-0037.patch
2026-09-21 15:43:32,369 - INFO - HTTP Request: POST https://gptlab.rd.tuni.fi/GPT-Lab/resources/GPU-farmi-001/v1/chat/completions "HTTP/1.1 200 OK"
2026-09-21 15:43:32,371 - ERROR - YAML parsing error: while scanning a double-quoted scalar
  in "<unicode string>", line 14, column 5:
      - "binary_expr(op='||', left='type ... 
        ^
found unknown escape character "'"
  in "<unicode string>", line 14, column 53:
     ... '||', left='typeof nextKey === \'number\'')"
                                         ^
2026-09-21 15:43:32,371 - ERROR - Failed to clean YAML text
2026-09-21 15:43:32,371 - INFO - Attempt 2/3 for patch results/runs_pilot_rerun_fixed/magicoder_7b__design_v1/synthetic_patch_names/CASE-0037.patch
2026-09-21 15:43:37,645 - INFO - HTTP Request: POST https://gptlab.rd.tuni.fi/GPT-Lab/resources/GPU-farmi-001/v1/chat/completions "HTTP/1.1 200 OK"
2026-09-21 15:43:37,648 - ERROR - YAML parsing error: while parsing a block mapping
  in "<unicode string>", line 2, column 1:
    id: "vuln-conform-4819d51b"
    ^
expected <block end>, but found '-'
  in "<unicode string>", line 13, column 1:
    - name: "Prototype Pollution"
    ^
2026-09-21 15:43:37,648 - ERROR - Failed to clean YAML text
2026-09-21 15:43:37,648 - INFO - Attempt 3/3 for patch results/runs_pilot_rerun_fixed/magicoder_7b__design_v1/synthetic_patch_names/CASE-0037.patch
2026-09-21 15:43:46,936 - INFO - HTTP Request: POST https://gptlab.rd.tuni.fi/GPT-Lab/resources/GPU-farmi-001/v1/chat/completions "HTTP/1.1 200 OK"
2026-09-21 15:43:46,944 - ERROR - Invalid rule schema: Missing required fields: message
2026-09-21 15:43:47,028 - ERROR - YAML parsing error: while scanning a double-quoted scalar
  in "<unicode string>", line 14, column 5:
      - "binary_expr(op='||', left='type ... 
        ^
found unknown escape character "'"
  in "<unicode string>", line 14, column 53:
     ... '||', left='typeof nextKey === \'number\'')"
                                         ^
2026-09-21 15:43:47,029 - ERROR - Failed to clean YAML text
2026-09-21 15:43:47,029 - ERROR - YAML parsing error: while scanning a double-quoted scalar
  in "<unicode string>", line 14, column 5:
      - "binary_expr(op='||', left='type ... 
        ^
found unknown escape character "'"
  in "<unicode string>", line 14, column 53:
     ... '||', left='typeof nextKey === \'number\'')"
                                         ^
2026-09-21 15:43:47,030 - ERROR - Failed to clean YAML text
2026-09-21 15:43:47,030 - ERROR - YAML parsing error: while parsing a block mapping
  in "<unicode string>", line 2, column 1:
    id: "vuln-conform-4819d51b"
    ^
expected <block end>, but found '-'
  in "<unicode string>", line 13, column 1:
    - name: "Prototype Pollution"
    ^
2026-09-21 15:43:47,031 - ERROR - Failed to clean YAML text
2026-09-21 15:43:47,032 - ERROR - Invalid rule schema: Missing required fields: message
2026-09-21 15:43:47,065 - INFO - Cloning repository: enchant97/note-mark
2026-09-21 15:43:48,437 - INFO - Found commit: a0997facb82f85bfb8c0d497606d89e7d150e182
2026-09-21 15:43:50,447 - INFO - Attempt 1/3 for patch results/runs_pilot_rerun_fixed/magicoder_7b__design_v1/synthetic_patch_names/CASE-0038.patch
2026-09-21 15:43:58,679 - INFO - Found commit: f7d0362f737e1b0db1cc9cc95b1236d62d83dd0c
2026-09-21 15:44:00,377 - INFO - HTTP Request: POST https://gptlab.rd.tuni.fi/GPT-Lab/resources/GPU-farmi-001/v1/chat/completions "HTTP/1.1 200 OK"
2026-09-21 15:44:00,378 - ERROR - YAML parsing error: while parsing a block mapping
  in "<unicode string>", line 2, column 1:
    id: vuln-note-mark-a0997fac
    ^
expected <block end>, but found '-'
  in "<unicode string>", line 13, column 1:
    - name: potential-xss-vuln
    ^
2026-09-21 15:44:00,379 - ERROR - Failed to clean YAML text
2026-09-21 15:44:00,379 - INFO - Attempt 2/3 for patch results/runs_pilot_rerun_fixed/magicoder_7b__design_v1/synthetic_patch_names/CASE-0038.patch
2026-09-21 15:44:01,242 - INFO - Attempt 1/3 for patch results/runs_pilot_rerun_fixed/deepseek-coder_6.7b__design_v1/synthetic_patch_names/CASE-0013.patch
2026-09-21 15:44:06,461 - INFO - HTTP Request: POST https://gptlab.rd.tuni.fi/GPT-Lab/resources/GPU-farmi-004/v1/chat/completions "HTTP/1.1 200 OK"
2026-09-21 15:44:07,038 - INFO - HTTP Request: POST https://gptlab.rd.tuni.fi/GPT-Lab/resources/GPU-farmi-001/v1/chat/completions "HTTP/1.1 200 OK"
2026-09-21 15:44:07,040 - ERROR - Invalid rule schema: Missing required fields: pattern
2026-09-21 15:44:07,040 - INFO - Attempt 3/3 for patch results/runs_pilot_rerun_fixed/magicoder_7b__design_v1/synthetic_patch_names/CASE-0038.patch
2026-09-21 15:44:08,463 - WARNING - Attempt 1 failed: {'code': 2, 'level': 'error', 'type': 'Rule parse error', 'rule_id': 'var.folders.d5.5xvkptzs6cd9t_077gyhh1400000gr.T.vuln-knowage-server-f7d0362f', 'message': 'Rule parse error in rule var.folders.d5.5xvkptzs6cd9t_077gyhh1400000gr.T.vuln-knowage-server-f7d0362f:\n Invalid pattern for Java: Stdlib.Parsing.Parse_error\n----- pattern -----\nmethod(name="postDataSource" \n  arguments=[\n    "$X"\n  ]\n)\n.filter(\n  lambda(\n    "$X"\n  )\n  .method(\n    name="getJndi"\n  )\n  .string(\n    starts_with="java:comp/env/jdbc/"\n  )\n)\n----- end pattern -----\n'}
2026-09-21 15:44:08,463 - INFO - Attempt 2/3 for patch results/runs_pilot_rerun_fixed/deepseek-coder_6.7b__design_v1/synthetic_patch_names/CASE-0013.patch
2026-09-21 15:44:10,690 - INFO - HTTP Request: POST https://gptlab.rd.tuni.fi/GPT-Lab/resources/GPU-farmi-004/v1/chat/completions "HTTP/1.1 200 OK"
2026-09-21 15:44:10,692 - ERROR - YAML parsing error: while scanning a simple key
  in "<unicode string>", line 10, column 3:
      .filter(
      ^
could not find expected ':'
  in "<unicode string>", line 18, column 3:
      )
      ^
2026-09-21 15:44:10,692 - ERROR - Failed to clean YAML text
2026-09-21 15:44:10,692 - INFO - Attempt 3/3 for patch results/runs_pilot_rerun_fixed/deepseek-coder_6.7b__design_v1/synthetic_patch_names/CASE-0013.patch
2026-09-21 15:44:13,183 - INFO - HTTP Request: POST https://gptlab.rd.tuni.fi/GPT-Lab/resources/GPU-farmi-004/v1/chat/completions "HTTP/1.1 200 OK"
2026-09-21 15:44:14,868 - WARNING - Attempt 3 failed: {'code': 2, 'level': 'error', 'type': 'Rule parse error', 'rule_id': 'var.folders.d5.5xvkptzs6cd9t_077gyhh1400000gr.T.vuln-knowage-server-f7d0362f', 'message': 'Rule parse error in rule var.folders.d5.5xvkptzs6cd9t_077gyhh1400000gr.T.vuln-knowage-server-f7d0362f:\n Invalid pattern for Java: Stdlib.Parsing.Parse_error\n----- pattern -----\n$DS = ...\n$ID = ...\n...\ndataSourceDAO.insertDataSource($DS, $ID)\n\nthis.checkJNDIName($DS)\n----- end pattern -----\n'}
2026-09-21 15:44:14,983 - INFO - HTTP Request: POST https://gptlab.rd.tuni.fi/GPT-Lab/resources/GPU-farmi-001/v1/chat/completions "HTTP/1.1 200 OK"
2026-09-21 15:44:14,986 - ERROR - Invalid rule schema: Missing required fields: message
2026-09-21 15:44:15,051 - ERROR - YAML parsing error: while parsing a block mapping
  in "<unicode string>", line 2, column 1:
    id: vuln-note-mark-a0997fac
    ^
expected <block end>, but found '-'
  in "<unicode string>", line 13, column 1:
    - name: potential-xss-vuln
    ^
2026-09-21 15:44:15,051 - ERROR - Failed to clean YAML text
2026-09-21 15:44:15,052 - ERROR - YAML parsing error: while parsing a block mapping
  in "<unicode string>", line 2, column 1:
    id: vuln-note-mark-a0997fac
    ^
expected <block end>, but found '-'
  in "<unicode string>", line 13, column 1:
    - name: potential-xss-vuln
    ^
2026-09-21 15:44:15,052 - ERROR - Failed to clean YAML text
2026-09-21 15:44:15,053 - ERROR - Invalid rule schema: Missing required fields: pattern
2026-09-21 15:44:15,054 - ERROR - Invalid rule schema: Missing required fields: message
2026-09-21 15:44:15,069 - INFO - Cloning repository: genieacs/genieacs
2026-09-21 15:44:16,809 - INFO - Found commit: 7f295beeecc1c1f14308a93c82413bb334045af6
2026-09-21 15:44:18,378 - INFO - Attempt 1/3 for patch results/runs_pilot_rerun_fixed/magicoder_7b__design_v1/synthetic_patch_names/CASE-0039.patch
2026-09-21 15:44:26,237 - INFO - HTTP Request: POST https://gptlab.rd.tuni.fi/GPT-Lab/resources/GPU-farmi-001/v1/chat/completions "HTTP/1.1 200 OK"
2026-09-21 15:44:26,242 - ERROR - Invalid rule schema: Missing required fields: message
2026-09-21 15:44:26,242 - INFO - Attempt 2/3 for patch results/runs_pilot_rerun_fixed/magicoder_7b__design_v1/synthetic_patch_names/CASE-0039.patch
2026-09-21 15:44:26,408 - ERROR - YAML parsing error: while scanning a simple key
  in "<unicode string>", line 10, column 3:
      .filter(
      ^
could not find expected ':'
  in "<unicode string>", line 18, column 3:
      )
      ^
2026-09-21 15:44:26,409 - ERROR - Failed to clean YAML text
2026-09-21 15:44:27,968 - INFO - Cloning repository: ManyDesigns/Portofino
2026-09-21 15:44:38,174 - INFO - HTTP Request: POST https://gptlab.rd.tuni.fi/GPT-Lab/resources/GPU-farmi-001/v1/chat/completions "HTTP/1.1 200 OK"
2026-09-21 15:44:38,176 - ERROR - Invalid rule schema: Missing required fields: pattern, message
2026-09-21 15:44:38,176 - INFO - Attempt 3/3 for patch results/runs_pilot_rerun_fixed/magicoder_7b__design_v1/synthetic_patch_names/CASE-0039.patch
2026-09-21 15:44:38,450 - INFO - Found commit: 94653cb357806c9cf24d8d294e6afea33f8f0775
2026-09-21 15:44:40,268 - INFO - Attempt 1/3 for patch results/runs_pilot_rerun_fixed/deepseek-coder_6.7b__design_v1/synthetic_patch_names/CASE-0014.patch
2026-09-21 15:44:44,433 - INFO - HTTP Request: POST https://gptlab.rd.tuni.fi/GPT-Lab/resources/GPU-farmi-001/v1/chat/completions "HTTP/1.1 200 OK"
2026-09-21 15:44:44,436 - ERROR - Invalid rule schema: Missing required fields: message
2026-09-21 15:44:44,503 - ERROR - Invalid rule schema: Missing required fields: message
2026-09-21 15:44:44,505 - ERROR - Invalid rule schema: Missing required fields: message
2026-09-21 15:44:44,506 - ERROR - Invalid rule schema: Missing required fields: pattern, message
2026-09-21 15:44:44,507 - ERROR - Invalid rule schema: Missing required fields: message
2026-09-21 15:44:44,543 - INFO - Cloning repository: jasonraimondi/url-to-png
2026-09-21 15:44:45,872 - INFO - HTTP Request: POST https://gptlab.rd.tuni.fi/GPT-Lab/resources/GPU-farmi-004/v1/chat/completions "HTTP/1.1 200 OK"
2026-09-21 15:44:45,947 - INFO - Found commit: e4eaeca6493b21cd515b582fd6c0af09ede54507
2026-09-21 15:44:47,662 - INFO - Attempt 1/3 for patch results/runs_pilot_rerun_fixed/magicoder_7b__design_v1/synthetic_patch_names/CASE-0040.patch
2026-09-21 15:44:47,718 - WARNING - Attempt 1 failed: {'code': 2, 'level': 'error', 'type': 'Rule parse error', 'rule_id': 'var.folders.d5.5xvkptzs6cd9t_077gyhh1400000gr.T.vuln-portofino-94653cb3', 'message': 'Rule parse error in rule var.folders.d5.5xvkptzs6cd9t_077gyhh1400000gr.T.vuln-portofino-94653cb3:\n Invalid pattern for Java: Stdlib.Parsing.Parse_error\n----- pattern -----\nmethod(name="createTempDir" \n  parameter-count=1 \n  returns="java.io.File" \n  pattern-either(\n    pattern-regexp(string="File tempDir = File.createTempFile(\\"portofino.tomcat.\\", \\".\\" + port);", regex=".*File tempDir = File.createTempFile\\\\(\\"portofino.tomcat.\\", \\".\\" + port\\\\);.*"),\n    pattern-regexp(string="File tempDir = Files.createTempDirectory(\\"portofino.tomcat.\\" + \\".\\" + port).toFile();", regex=".*File tempDir = Files.createTempDirectory\\\\(\\"portofino.tomcat.\\" + \\".\\" + port\\\\).toFile\\\\(\\\\);.*")\n  )\n)\n----- end pattern -----\n'}
2026-09-21 15:44:47,718 - INFO - Attempt 2/3 for patch results/runs_pilot_rerun_fixed/deepseek-coder_6.7b__design_v1/synthetic_patch_names/CASE-0014.patch
2026-09-21 15:44:50,663 - INFO - HTTP Request: POST https://gptlab.rd.tuni.fi/GPT-Lab/resources/GPU-farmi-004/v1/chat/completions "HTTP/1.1 200 OK"
2026-09-21 15:44:52,230 - WARNING - Attempt 2 failed: {'code': 2, 'level': 'error', 'type': 'Rule parse error', 'rule_id': 'var.folders.d5.5xvkptzs6cd9t_077gyhh1400000gr.T.vuln-portofino-94653cb3', 'message': 'Rule parse error in rule var.folders.d5.5xvkptzs6cd9t_077gyhh1400000gr.T.vuln-portofino-94653cb3:\n Invalid pattern for Java: Stdlib.Parsing.Parse_error\n----- pattern -----\nmethod(name="createTempDir" \n  parameter-count=1 \n  returns="java.io.File" \n  pattern-either(\n    pattern-regexp(string="File tempDir = File.createTempFile(\\"portofino.tomcat.\\", \\".\\" + port);", regex=".*File tempDir = File.createTempFile\\\\(\\"portofino.tomcat.\\", \\".\\" + port\\\\);.*"),\n    pattern-regexp(string="File tempDir = Files.createTempDirectory(\\"portofino.tomcat.\\" + \\".\\" + port).toFile();", regex=".*File tempDir = Files.createTempDirectory\\\\(\\"portofino.tomcat.\\" + \\".\\" + port\\\\).toFile\\\\(\\\\);.*")\n   )\n  )\n----- end pattern -----\n'}
2026-09-21 15:44:52,230 - INFO - Attempt 3/3 for patch results/runs_pilot_rerun_fixed/deepseek-coder_6.7b__design_v1/synthetic_patch_names/CASE-0014.patch
2026-09-21 15:44:54,991 - INFO - HTTP Request: POST https://gptlab.rd.tuni.fi/GPT-Lab/resources/GPU-farmi-004/v1/chat/completions "HTTP/1.1 200 OK"
2026-09-21 15:44:56,619 - WARNING - Attempt 3 failed: {'code': 2, 'level': 'error', 'type': 'Rule parse error', 'rule_id': 'var.folders.d5.5xvkptzs6cd9t_077gyhh1400000gr.T.vuln-portofino-94653cb3', 'message': 'Rule parse error in rule var.folders.d5.5xvkptzs6cd9t_077gyhh1400000gr.T.vuln-portofino-94653cb3:\n Invalid pattern for Java: Stdlib.Parsing.Parse_error\n----- pattern -----\nmethod(name="createTempDir" \n  parameter-count=1 \n  returns="java.io.File" \n  pattern-either(\n    pattern-regexp(string="File tempDir = File.createTempFile(\\"portofino.tomcat.\\", \\".\\" + port);", regex=".*File tempDir = File.createTempFile\\\\(\\"portofino.tomcat.\\", \\".\\" + port\\\\);.*"),\n    pattern-regexp(string="File tempDir = Files.createTempDirectory(\\"portofino.tomcat.\\" + \\".\\" + port).toFile();", regex=".*File tempDir = Files.createTempDirectory\\\\(\\"portofino.tomcat.\\" + \\".\\" + port\\\\).toFile\\\\(\\\\);.*")\n  )\n)\n----- end pattern -----\n'}
2026-09-21 15:44:58,251 - INFO - HTTP Request: POST https://gptlab.rd.tuni.fi/GPT-Lab/resources/GPU-farmi-001/v1/chat/completions "HTTP/1.1 200 OK"
2026-09-21 15:44:58,254 - ERROR - Invalid rule schema: Missing required fields: message
2026-09-21 15:44:58,254 - INFO - Attempt 2/3 for patch results/runs_pilot_rerun_fixed/magicoder_7b__design_v1/synthetic_patch_names/CASE-0040.patch
2026-09-21 15:45:10,443 - INFO - Cloning repository: apache/felix-dev
2026-09-21 15:45:21,725 - INFO - HTTP Request: POST https://gptlab.rd.tuni.fi/GPT-Lab/resources/GPU-farmi-001/v1/chat/completions "HTTP/1.1 200 OK"
2026-09-21 15:45:21,738 - ERROR - Invalid rule schema: Missing required fields: message
2026-09-21 15:45:21,738 - INFO - Attempt 3/3 for patch results/runs_pilot_rerun_fixed/magicoder_7b__design_v1/synthetic_patch_names/CASE-0040.patch
2026-09-21 15:45:25,521 - INFO - Found commit: 87513ea3533fdb79d9e2b251410bf2bfbd63941e
2026-09-21 15:45:27,287 - INFO - Attempt 1/3 for patch results/runs_pilot_rerun_fixed/deepseek-coder_6.7b__design_v1/synthetic_patch_names/CASE-0015.patch
2026-09-21 15:45:31,037 - INFO - HTTP Request: POST https://gptlab.rd.tuni.fi/GPT-Lab/resources/GPU-farmi-004/v1/chat/completions "HTTP/1.1 200 OK"
2026-09-21 15:45:32,811 - WARNING - Attempt 1 failed: {'code': 2, 'level': 'error', 'type': 'Rule parse error', 'rule_id': 'var.folders.d5.5xvkptzs6cd9t_077gyhh1400000gr.T.vuln-felix-dev-87513ea3', 'message': 'Rule parse error in rule var.folders.d5.5xvkptzs6cd9t_077gyhh1400000gr.T.vuln-felix-dev-87513ea3:\n Invalid pattern for Java: `$request\' is neither a valid identifier in Java nor a valid meta-variable\n----- pattern -----\n$X = new StringWriter();\n$Y = this.getVariableResolver($request);\n$Y.put( "filter", $filter == null ? "" : $encode.forHtmlContent($filter) );\n\n----- end pattern -----\n'}
2026-09-21 15:45:32,811 - INFO - Attempt 2/3 for patch results/runs_pilot_rerun_fixed/deepseek-coder_6.7b__design_v1/synthetic_patch_names/CASE-0015.patch
2026-09-21 15:45:35,320 - INFO - HTTP Request: POST https://gptlab.rd.tuni.fi/GPT-Lab/resources/GPU-farmi-004/v1/chat/completions "HTTP/1.1 200 OK"
2026-09-21 15:45:35,327 - ERROR - Invalid rule schema: Missing required fields: pattern
2026-09-21 15:45:35,327 - INFO - Attempt 3/3 for patch results/runs_pilot_rerun_fixed/deepseek-coder_6.7b__design_v1/synthetic_patch_names/CASE-0015.patch
2026-09-21 15:45:38,083 - INFO - HTTP Request: POST https://gptlab.rd.tuni.fi/GPT-Lab/resources/GPU-farmi-004/v1/chat/completions "HTTP/1.1 200 OK"
2026-09-21 15:45:39,647 - WARNING - Attempt 3 failed: {'metavar': 'renderContent(HttpServletRequest request, HttpServletResponse response)', 'metavar-contains': 'Encode.forHtmlContent(filter)', 'metavar-regex': 'renderContent\\(HttpServletRequest request, HttpServletResponse response\\)'} is not of type 'string'
2026-09-21 15:45:51,083 - ERROR - Invalid rule schema: Missing required fields: pattern
2026-09-21 15:45:52,574 - INFO - Cloning repository: apache/kylin
2026-09-21 15:46:11,753 - INFO - HTTP Request: POST https://gptlab.rd.tuni.fi/GPT-Lab/resources/GPU-farmi-001/v1/chat/completions "HTTP/1.1 200 OK"
2026-09-21 15:46:11,759 - ERROR - YAML parsing error: while parsing a block collection
  in "<unicode string>", line 9, column 3:
      - '(import { StringEncrypter } f ... 
      ^
expected <block end>, but found '<scalar>'
  in "<unicode string>", line 41, column 21:
      - 'logger.warn("\'viewPortWidth\' is deprecated, p ... 
                        ^
2026-09-21 15:46:11,761 - ERROR - Failed to clean YAML text
2026-09-21 15:46:11,812 - ERROR - Invalid rule schema: Missing required fields: message
2026-09-21 15:46:11,813 - ERROR - Invalid rule schema: Missing required fields: message
2026-09-21 15:46:11,817 - ERROR - Invalid rule schema: Missing required fields: message
2026-09-21 15:46:11,818 - ERROR - YAML parsing error: while parsing a block collection
  in "<unicode string>", line 9, column 3:
      - '(import { StringEncrypter } f ... 
      ^
expected <block end>, but found '<scalar>'
  in "<unicode string>", line 41, column 21:
      - 'logger.warn("\'viewPortWidth\' is deprecated, p ... 
                        ^
2026-09-21 15:46:11,819 - ERROR - Failed to clean YAML text
2026-09-21 15:46:11,820 - INFO - [magicoder:7b] done -> results/runs_pilot_rerun_fixed/magicoder_7b__design_v1/generation_log.jsonl
2026-09-21 15:47:06,104 - INFO - Found commit: e373c64c96a54a7abfe4bccb82e8feb60db04749
2026-09-21 15:47:08,990 - INFO - Attempt 1/3 for patch results/runs_pilot_rerun_fixed/deepseek-coder_6.7b__design_v1/synthetic_patch_names/CASE-0016.patch
2026-09-21 15:47:21,908 - INFO - HTTP Request: POST https://gptlab.rd.tuni.fi/GPT-Lab/resources/GPU-farmi-004/v1/chat/completions "HTTP/1.1 200 OK"
2026-09-21 15:47:23,761 - WARNING - Attempt 1 failed: {'code': 2, 'level': 'error', 'type': 'Rule parse error', 'rule_id': 'var.folders.d5.5xvkptzs6cd9t_077gyhh1400000gr.T.vuln-kylin-e373c64c', 'message': 'Rule parse error in rule var.folders.d5.5xvkptzs6cd9t_077gyhh1400000gr.T.vuln-kylin-e373c64c:\n Invalid pattern for Java: Failure: no pattern found\n----- pattern -----\nmethod($X: Ident("getCuboidHitFrequency"))\nwhere\n$X.where($A.binary_operator($B, "=", $C))\nand $C.string($D)\nand $D.string("\'" + $E.string() + "\'")\nand $E.ident("cubeName")\nand $A.binary_operator($F, "=", $G)\nand $G.string($H)\nand $H.string($I)\nand $I.ident("?")\nand $X.where($J.binary_operator($K, "group by", $L))\nand $L.ident($M)\nand $M.ident($N)\nand $N.ident($O)\nand $O.ident($P)\nand $P.ident($Q)\nand $Q.ident($R)\nand $R.ident($S)\nand $S.ident($T)\nand $T.ident($U)\nand $U.ident($V)\nand $V.ident($W)\nand $W.ident($X)\nand $X.where($Y.binary_operator($Z, "where", $A))\nand $A.binary_operator($B, "=", $C)\nand $C.string($D)\nand $D.string($E)\nand $E.ident("cubeName")\nand $A.binary_operator($F, "=", $G)\nand $G.string($H)\nand $H.string($I)\nand $I.ident("?")\nand $A.binary_operator($J, "group by", $K)\nand $K.ident($L)\nand $L.ident($M)\nand $M.ident($N)\nand $N.ident($O)\nand $O.ident($P)\nand $P.ident($Q)\nand $Q.ident($R)\nand $R.ident($S)\nand $S.ident($T)\nand $T.ident($U)\nand $U.ident($V)\nand $V.ident($W)\nand $W.ident($X)\nand $X.where($Y.binary_operator($Z, "where", $A))\nand $A.binary_operator($B, "=", $C)\nand $C.string($D)\nand $D.string($E)\nand $E.ident("cubeName")\nand $A.binary_operator($F, "=", $G)\nand $G.string($H)\nand $H.string($I)\nand $I.ident("?")\nand $A.binary_operator($J, "group by", $K)\nand $K.ident($L)\nand $L.ident($M)\nand $M.ident($N)\nand $N.ident($O)\nand $O.ident($P)\nand $P.ident($Q)\nand $Q.ident($R)\nand $R.ident($S)\nand $S.ident($T)\nand $T.ident($U)\nand $U.ident($V)\nand $V.ident($W)\nand $W.ident($X)\n----- end pattern -----\n'}
2026-09-21 15:47:23,761 - INFO - Attempt 2/3 for patch results/runs_pilot_rerun_fixed/deepseek-coder_6.7b__design_v1/synthetic_patch_names/CASE-0016.patch
2026-09-21 15:47:33,479 - INFO - HTTP Request: POST https://gptlab.rd.tuni.fi/GPT-Lab/resources/GPU-farmi-004/v1/chat/completions "HTTP/1.1 200 OK"
2026-09-21 15:47:34,780 - WARNING - Attempt 2 failed: [{'pattern-either': [{'method($X': 'Ident("getCuboidHitFrequency"))'}, {'method($X': 'Ident("getPrepareQueryResult"))'}]}, 'where($X.where($A.binary_operator($B, "=", $C)))', 'and($C.string($D))', 'and($D.string("\'" + $E.string() + "\'"))', 'and($E.ident("cubeName"))', 'and($A.binary_operator($F, "=", $G))', 'and($G.string($H))', 'and($H.string("?"))', 'and($X.where($J.binary_operator($K, "group by", $L)))', 'and($L.ident($M))', 'and($M.ident($N))', 'and($N.ident($O))', 'and($O.ident($P))', 'and($P.ident($Q))', 'and($Q.ident($R))', 'and($R.ident($S))', 'and($S.ident($T))', 'and($T.ident($U))', 'and($U.ident($V))', 'and($V.ident($W))', 'and($W.ident($X))', 'and($X.where($Y.binary_operator($Z, "where", $A)))', 'and($A.binary_operator($B, "=", $C))', 'and($C.string($D))', 'and($D.string("\'" + $E.string() + "\'"))', 'and($E.ident("cubeName"))', 'and($A.binary_operator($F, "=", $G))', 'and($G.string($H))', 'and($H.string("?"))', 'and($A.binary_operator($J, "group by", $K))', 'and($K.ident($L))', 'and($L.ident($M))', 'and($M.ident($N))', 'and($N.ident($O))', 'and($O.ident($P))', 'and($P.ident($Q))', 'and($Q.ident($R))', 'and($R.ident($S))', 'and($S.ident($T))', 'and($T.ident($U))', 'and($U.ident($V))', 'and($V.ident($W))', 'and($W.ident($X))'] is not of type 'string'
2026-09-21 15:47:34,781 - INFO - Attempt 3/3 for patch results/runs_pilot_rerun_fixed/deepseek-coder_6.7b__design_v1/synthetic_patch_names/CASE-0016.patch
2026-09-21 15:49:34,785 - INFO - Retrying request in 0.477413 seconds
2026-09-21 15:49:48,442 - INFO - HTTP Request: POST https://gptlab.rd.tuni.fi/GPT-Lab/resources/GPU-farmi-004/v1/chat/completions "HTTP/1.1 200 OK"
2026-09-21 15:49:48,450 - ERROR - Invalid rule schema: Missing required fields: pattern
2026-09-21 15:49:59,839 - ERROR - Invalid rule schema: Missing required fields: pattern
2026-09-21 15:49:59,897 - INFO - Cloning repository: apache/spark
2026-09-21 15:51:22,203 - INFO - Found commit: cf59b1f51c16301f689b4e0f17ba4dbd140e1b19
2026-09-21 15:51:25,900 - INFO - Attempt 1/3 for patch results/runs_pilot_rerun_fixed/deepseek-coder_6.7b__design_v1/synthetic_patch_names/CASE-0017.patch
2026-09-21 15:51:33,268 - INFO - HTTP Request: POST https://gptlab.rd.tuni.fi/GPT-Lab/resources/GPU-farmi-004/v1/chat/completions "HTTP/1.1 200 OK"
2026-09-21 15:51:36,295 - INFO - Successfully generated valid rule for results/runs_pilot_rerun_fixed/deepseek-coder_6.7b__design_v1/synthetic_patch_names/CASE-0017.patch
2026-09-21 15:51:57,484 - INFO - Cloning repository: jenkinsci/gitlab-oauth-plugin
2026-09-21 15:51:58,620 - INFO - Found commit: 695ce63fddb3567cf8d87339ddc1fa3b67ae2db8
2026-09-21 15:52:00,093 - INFO - Attempt 1/3 for patch results/runs_pilot_rerun_fixed/deepseek-coder_6.7b__design_v1/synthetic_patch_names/CASE-0018.patch
2026-09-21 15:52:04,635 - INFO - HTTP Request: POST https://gptlab.rd.tuni.fi/GPT-Lab/resources/GPU-farmi-004/v1/chat/completions "HTTP/1.1 200 OK"
2026-09-21 15:52:07,602 - WARNING - Attempt 1 failed: Rule failed to detect vulnerability in original version
2026-09-21 15:52:07,602 - INFO - Attempt 2/3 for patch results/runs_pilot_rerun_fixed/deepseek-coder_6.7b__design_v1/synthetic_patch_names/CASE-0018.patch
2026-09-21 15:52:10,360 - INFO - HTTP Request: POST https://gptlab.rd.tuni.fi/GPT-Lab/resources/GPU-farmi-004/v1/chat/completions "HTTP/1.1 200 OK"
2026-09-21 15:52:11,783 - WARNING - Attempt 2 failed: {'code': 2, 'level': 'error', 'type': 'Rule parse error', 'rule_id': 'var.folders.d5.5xvkptzs6cd9t_077gyhh1400000gr.T.vuln-gitlab-oauth-plugin-695ce63f', 'message': 'Rule parse error in rule var.folders.d5.5xvkptzs6cd9t_077gyhh1400000gr.T.vuln-gitlab-oauth-plugin-695ce63f:\n Invalid pattern for Java: Stdlib.Parsing.Parse_error\n----- pattern -----\n$X = $Y.getSession($Z)\nwhere $X.getClass().getName() == "javax.servlet.http.HttpSession"\nand $Z == true\n----- end pattern -----\n'}
2026-09-21 15:52:11,783 - INFO - Attempt 3/3 for patch results/runs_pilot_rerun_fixed/deepseek-coder_6.7b__design_v1/synthetic_patch_names/CASE-0018.patch
2026-09-21 15:52:13,845 - INFO - HTTP Request: POST https://gptlab.rd.tuni.fi/GPT-Lab/resources/GPU-farmi-004/v1/chat/completions "HTTP/1.1 200 OK"
2026-09-21 15:52:15,325 - WARNING - Attempt 3 failed: {'code': 2, 'level': 'error', 'type': 'Rule parse error', 'rule_id': 'var.folders.d5.5xvkptzs6cd9t_077gyhh1400000gr.T.vuln-gitlab-oauth-plugin-695ce63f', 'message': 'Rule parse error in rule var.folders.d5.5xvkptzs6cd9t_077gyhh1400000gr.T.vuln-gitlab-oauth-plugin-695ce63f:\n Invalid pattern for Java: Stdlib.Parsing.Parse_error\n----- pattern -----\n$X = $Y.getSession($Z)\nwhere $X.getClass().getName() == "javax.servlet.http.HttpSession"\nand $Z == true\n----- end pattern -----\n'}
2026-09-21 15:52:29,718 - INFO - Cloning repository: joniles/mpxj
2026-09-21 15:53:51,271 - INFO - Found commit: 8002802890dfdc8bc74259f37e053e15b827eea0
2026-09-21 15:53:54,212 - INFO - Attempt 1/3 for patch results/runs_pilot_rerun_fixed/deepseek-coder_6.7b__design_v1/synthetic_patch_names/CASE-0019.patch
2026-09-21 15:53:59,469 - INFO - HTTP Request: POST https://gptlab.rd.tuni.fi/GPT-Lab/resources/GPU-farmi-004/v1/chat/completions "HTTP/1.1 200 OK"
2026-09-21 15:54:01,539 - WARNING - Attempt 1 failed: {'code': 2, 'level': 'error', 'type': 'Rule parse error', 'rule_id': 'var.folders.d5.5xvkptzs6cd9t_077gyhh1400000gr.T.vuln-mpxj-80028028', 'message': 'Rule parse error in rule var.folders.d5.5xvkptzs6cd9t_077gyhh1400000gr.T.vuln-mpxj-80028028:\n Invalid pattern for Java: Stdlib.Parsing.Parse_error\n----- pattern -----\n$X = new File($A, $B);\n-$X.getCanonicalPath().startsWith($A.getCanonicalPath() + File.separator)\n\n----- end pattern -----\n'}
2026-09-21 15:54:01,539 - INFO - Attempt 2/3 for patch results/runs_pilot_rerun_fixed/deepseek-coder_6.7b__design_v1/synthetic_patch_names/CASE-0019.patch
2026-09-21 15:56:01,532 - INFO - Retrying request in 0.488739 seconds
2026-09-21 15:58:02,057 - INFO - Retrying request in 0.920383 seconds
2026-09-21 16:15:40,833 - ERROR - Error generating rule: Request timed out.
2026-09-21 16:15:40,833 - INFO - Attempt 3/3 for patch results/runs_pilot_rerun_fixed/deepseek-coder_6.7b__design_v1/synthetic_patch_names/CASE-0019.patch
2026-09-21 16:16:01,892 - INFO - HTTP Request: POST https://gptlab.rd.tuni.fi/GPT-Lab/resources/GPU-farmi-004/v1/chat/completions "HTTP/1.1 200 OK"
2026-09-21 16:16:03,749 - WARNING - Attempt 3 failed: {'code': 2, 'level': 'error', 'type': 'Rule parse error', 'rule_id': 'var.folders.d5.5xvkptzs6cd9t_077gyhh1400000gr.T.vuln-mpxj-80028028', 'message': 'Rule parse error in rule var.folders.d5.5xvkptzs6cd9t_077gyhh1400000gr.T.vuln-mpxj-80028028:\n Invalid pattern for Java: Stdlib.Parsing.Parse_error\n----- pattern -----\n$X = $FUNC($Y)\nwhere $FUNC(...) is a method call\nand $X is a variable\nand $Y is a variable\nand $X.getCanonicalPath() != $Y.getCanonicalPath()\n\n----- end pattern -----\n'}
2026-09-21 16:16:15,049 - INFO - Cloning repository: spring-projects/spring-security-samples
2026-09-21 16:16:16,768 - INFO - Found commit: 4e3bec904a5467db28ea33e25ac9d90524b53d66
2026-09-21 16:16:18,488 - INFO - Attempt 1/3 for patch results/runs_pilot_rerun_fixed/deepseek-coder_6.7b__design_v1/synthetic_patch_names/CASE-0020.patch
2026-09-21 16:16:22,451 - INFO - HTTP Request: POST https://gptlab.rd.tuni.fi/GPT-Lab/resources/GPU-farmi-004/v1/chat/completions "HTTP/1.1 200 OK"
2026-09-21 16:16:24,555 - WARNING - Attempt 1 failed: {'code': 2, 'level': 'error', 'type': 'Rule parse error', 'rule_id': 'var.folders.d5.5xvkptzs6cd9t_077gyhh1400000gr.T.vuln-spring-security-samples-4e3bec90', 'message': 'Rule parse error in rule var.folders.d5.5xvkptzs6cd9t_077gyhh1400000gr.T.vuln-spring-security-samples-4e3bec90:\n Invalid pattern for Java: Stdlib.Parsing.Parse_error\n----- pattern -----\nSecurityFilterChain $B(http: HttpSecurity $X) throws Exception {\n  $X.authorizeHttpRequests((authorize) -> authorize\n    .requestMatchers($X.pattern("/login"), $X.pattern("/resources/**")).permitAll()\n    .anyRequest().authenticated()\n  );\n  $X.jee((jee) -> jee.mappableRoles("USER", "ADMIN"));\n  return $X.build();\n}\n\n----- end pattern -----\n'}
2026-09-21 16:16:24,555 - INFO - Attempt 2/3 for patch results/runs_pilot_rerun_fixed/deepseek-coder_6.7b__design_v1/synthetic_patch_names/CASE-0020.patch
2026-09-21 16:16:27,511 - INFO - HTTP Request: POST https://gptlab.rd.tuni.fi/GPT-Lab/resources/GPU-farmi-004/v1/chat/completions "HTTP/1.1 200 OK"
2026-09-21 16:16:29,244 - WARNING - Attempt 2 failed: {'code': 2, 'level': 'error', 'type': 'Rule parse error', 'rule_id': 'var.folders.d5.5xvkptzs6cd9t_077gyhh1400000gr.T.vuln-spring-security-samples-4e3bec90', 'message': 'Rule parse error in rule var.folders.d5.5xvkptzs6cd9t_077gyhh1400000gr.T.vuln-spring-security-samples-4e3bec90:\n Invalid pattern for Java: Stdlib.Parsing.Parse_error\n----- pattern -----\nSecurityFilterChain $B(http: HttpSecurity $X) throws Exception {\n  $X.authorizeHttpRequests((authorize)  -> authorize\n    .requestMatchers($X.pattern("/login"), $X.pattern("/resources/**")).permitAll()\n    .anyRequest().authenticated()\n  );\n  $X.jee((jee)  -> jee.mappableRoles("USER", "ADMIN"));\n  return $X.build();\n}\n\n----- end pattern -----\n'}
2026-09-21 16:16:29,245 - INFO - Attempt 3/3 for patch results/runs_pilot_rerun_fixed/deepseek-coder_6.7b__design_v1/synthetic_patch_names/CASE-0020.patch
2026-09-21 16:16:32,315 - INFO - HTTP Request: POST https://gptlab.rd.tuni.fi/GPT-Lab/resources/GPU-farmi-004/v1/chat/completions "HTTP/1.1 200 OK"
2026-09-21 16:16:34,051 - WARNING - Attempt 3 failed: {'code': 2, 'level': 'error', 'type': 'Rule parse error', 'rule_id': 'var.folders.d5.5xvkptzs6cd9t_077gyhh1400000gr.T.vuln-spring-security-samples-4e3bec90', 'message': 'Rule parse error in rule var.folders.d5.5xvkptzs6cd9t_077gyhh1400000gr.T.vuln-spring-security-samples-4e3bec90:\n Invalid pattern for Java: Stdlib.Parsing.Parse_error\n----- pattern -----\nSecurityFilterChain $B(http: HttpSecurity $X) throws Exception {\n  $X.authorizeHttpRequests((authorize)  => authorize\n    .requestMatchers($X.pattern("/login"), $X.pattern("/resources/**")).permitAll()\n    .anyRequest().authenticated()\n  );\n  $X.jee((jee)  => jee.mappableRoles("USER", "ADMIN"));\n  return $X.build();\n}\n\n----- end pattern -----\n'}
2026-09-21 16:16:47,848 - INFO - Cloning repository: Countly/countly-server
2026-09-21 16:18:51,878 - INFO - Found commit: 2bfa1ee1fa46e9bb007cf8687ad197ab9c604999
2026-09-21 16:18:54,468 - INFO - Attempt 1/3 for patch results/runs_pilot_rerun_fixed/deepseek-coder_6.7b__design_v1/synthetic_patch_names/CASE-0021.patch
2026-09-21 16:19:00,244 - INFO - HTTP Request: POST https://gptlab.rd.tuni.fi/GPT-Lab/resources/GPU-farmi-004/v1/chat/completions "HTTP/1.1 200 OK"
2026-09-21 16:19:03,206 - WARNING - Attempt 1 failed: Rule failed to detect vulnerability in original version
2026-09-21 16:19:03,206 - INFO - Attempt 2/3 for patch results/runs_pilot_rerun_fixed/deepseek-coder_6.7b__design_v1/synthetic_patch_names/CASE-0021.patch
2026-09-21 16:19:06,886 - INFO - HTTP Request: POST https://gptlab.rd.tuni.fi/GPT-Lab/resources/GPU-farmi-004/v1/chat/completions "HTTP/1.1 200 OK"
2026-09-21 16:19:10,396 - WARNING - Attempt 2 failed: Rule failed to detect vulnerability in original version
2026-09-21 16:19:10,396 - INFO - Attempt 3/3 for patch results/runs_pilot_rerun_fixed/deepseek-coder_6.7b__design_v1/synthetic_patch_names/CASE-0021.patch
2026-09-21 16:19:14,580 - INFO - HTTP Request: POST https://gptlab.rd.tuni.fi/GPT-Lab/resources/GPU-farmi-004/v1/chat/completions "HTTP/1.1 200 OK"
2026-09-21 16:19:17,650 - INFO - Successfully generated valid rule for results/runs_pilot_rerun_fixed/deepseek-coder_6.7b__design_v1/synthetic_patch_names/CASE-0021.patch
2026-09-21 16:19:40,600 - INFO - Cloning repository: GSConnect/gnome-shell-extension-gsconnect
2026-09-21 16:19:44,742 - INFO - Found commit: a38246deec0af50ae218cdc51db32cdd7eb145e3
2026-09-21 16:19:46,466 - INFO - Attempt 1/3 for patch results/runs_pilot_rerun_fixed/deepseek-coder_6.7b__design_v1/synthetic_patch_names/CASE-0022.patch
2026-09-21 16:19:58,101 - INFO - HTTP Request: POST https://gptlab.rd.tuni.fi/GPT-Lab/resources/GPU-farmi-004/v1/chat/completions "HTTP/1.1 200 OK"
2026-09-21 16:19:58,108 - ERROR - YAML parsing error: while parsing a block mapping
  in "<unicode string>", line 35, column 19:
                    - pattern: "stream.close_async(GLi ... 
                      ^
expected <block end>, but found '<scalar>'
  in "<unicode string>", line 36, column 39:
     ...           - metavariable-name: "close_stream"
                                         ^
2026-09-21 16:19:58,111 - ERROR - Failed to clean YAML text
2026-09-21 16:19:58,111 - INFO - Attempt 2/3 for patch results/runs_pilot_rerun_fixed/deepseek-coder_6.7b__design_v1/synthetic_patch_names/CASE-0022.patch
2026-09-21 16:20:17,249 - INFO - HTTP Request: POST https://gptlab.rd.tuni.fi/GPT-Lab/resources/GPU-farmi-004/v1/chat/completions "HTTP/1.1 200 OK"
2026-09-21 16:20:18,607 - WARNING - Attempt 2 failed: [{'pattern-either': [{'pattern-inside': [{'pattern-inside': [{'pattern-inside': [{'pattern-inside': [{'pattern-inside': [{'pattern-inside': [{'pattern-inside': [{'pattern-inside': [{'pattern-inside': [{'pattern': 'async accept(connection)'}, {'pattern': 'const stream = new Gio.DataInputStream({'}, {'pattern': 'const data = await stream.read_line_async(GLib.PRIORITY_DEFAULT,'}, {'pattern': 'stream.close_async(GLib.PRIORITY_DEFAULT, null, null);'}, {'pattern': 'this.identity = new Core.Packet(data[0]);'}, {'pattern': 'if (!this.identity.body.deviceId)'}, {'pattern': 'if (!Device.validateId(this.identity.body.deviceId))'}, {'pattern': 'if (!this.identity.body.deviceName)'}, {'pattern': 'if (!Device.validateName(this.identity.body.deviceName))'}, {'pattern': 'this._connection = await this._encryptClient(connection);'}, {'pattern': 'if (this.identity.body.protocolVersion >= 8)'}, {'pattern': 'await this.sendPacket(this.backend.identity);'}, {'pattern': 'this.identity = await this.readPacket();'}]}, {'pattern': 'await this.sendPacket(this.backend.identity);'}, {'pattern': 'this.identity = await this.readPacket();'}]}, {'pattern': 'await this.sendPacket(this.backend.identity);'}, {'pattern': 'this.identity = await this.readPacket();'}]}, {'pattern': 'await this.sendPacket(this.backend.identity);'}, {'pattern': 'this.identity = await this.readPacket();'}]}, {'pattern': 'await this.sendPacket(this.backend.identity);'}, {'pattern': 'this.identity = await this.readPacket();'}]}, {'pattern': 'await this.sendPacket(this.backend.identity);'}, {'pattern': 'this.identity = await this.readPacket();'}]}, {'pattern': 'await this.sendPacket(this.backend.identity);'}, {'pattern': 'this.identity = await this.readPacket();'}]}, {'pattern': 'await this.sendPacket(this.backend.identity);'}, {'pattern': 'this.identity = await this.readPacket();'}]}, {'pattern': 'await this.sendPacket(this.backend.identity);'}, {'pattern': 'this.identity = await this.readPacket();'}]}, {'pattern-inside': [{'pattern-inside': [{'pattern-inside': [{'pattern-inside': [{'pattern-inside': [{'pattern-inside': [{'pattern-inside': [{'pattern-inside': [{'pattern': 'async accept(connection)'}, {'pattern': 'const stream = new Gio.DataInputStream({'}, {'pattern': 'const data = await stream.read_line_async(GLib.PRIORITY_DEFAULT,'}, {'pattern': 'stream.close_async(GLib.PRIORITY_DEFAULT, null, null);'}, {'pattern': 'this.identity = new Core.Packet(data[0]);'}, {'pattern': 'if (!this.identity.body.deviceId)'}, {'pattern': 'if (!Device.validateId(this.identity.body.deviceId))'}, {'pattern': 'if (!this.identity.body.deviceName)'}, {'pattern': 'if (!Device.validateName(this.identity.body.deviceName))'}, {'pattern': 'this._connection = await this._encryptClient(connection);'}, {'pattern': 'if (this.identity.body.protocolVersion >= 8)'}, {'pattern': 'await this._exchangeIdentities();'}]}, {'pattern': 'await this._exchangeIdentities();'}]}, {'pattern': 'await this._exchangeIdentities();'}]}, {'pattern': 'await this._exchangeIdentities();'}]}, {'pattern': 'await this._exchangeIdentities();'}]}, {'pattern': 'await this._exchangeIdentities();'}]}, {'pattern': 'await this._exchangeIdentities();'}]}, {'pattern': 'await this._exchangeIdentities();'}]}]}, {'pattern-either': [{'pattern-inside': [{'pattern-inside': [{'pattern-inside': [{'pattern-inside': [{'pattern-inside': [{'pattern-inside': [{'pattern-inside': [{'pattern-inside': [{'pattern': 'async accept(connection)'}, {'pattern': 'const stream = new Gio.DataInputStream({'}, {'pattern': 'const data = await stream.read_line_async(GLib.PRIORITY_DEFAULT,'}, {'pattern': 'stream.close_async(GLib.PRIORITY_DEFAULT, null, null);'}, {'pattern': 'this.identity = new Core.Packet(data[0]);'}, {'pattern': 'if (!this.identity.body.deviceId)'}, {'pattern': 'if (!Device.validateId(this.identity.body.deviceId))'}, {'pattern': 'if (!this.identity.body.deviceName)'}, {'pattern': 'if (!Device.validateName(this.identity.body.deviceName))'}, {'pattern': 'this._connection = await this._encryptClient(connection);'}, {'pattern': 'if (this.identity.body.protocolVersion >= 8)'}, {'pattern': 'await this.sendPacket(this.backend.identity);'}, {'pattern': 'this.identity = await this.readPacket();'}]}, {'pattern': 'await this.sendPacket(this.backend.identity);'}, {'pattern': 'this.identity = await this.readPacket();'}]}, {'pattern': 'await this.sendPacket(this.backend.identity);'}, {'pattern': 'this.identity = await this.readPacket();'}]}, {'pattern': 'await this.sendPacket(this.backend.identity);'}, {'pattern': 'this.identity = await this.readPacket();'}]}, {'pattern': 'await this.sendPacket(this.backend.identity);'}, {'pattern': 'this.identity = await this.readPacket();'}]}, {'pattern': 'await this.sendPacket(this.backend.identity);'}, {'pattern': 'this.identity = await this.readPacket();'}]}, {'pattern': 'await this.sendPacket(this.backend.identity);'}, {'pattern': 'this.identity = await this.readPacket();'}]}, {'pattern': 'await this.sendPacket(this.backend.identity);'}, {'pattern': 'this.identity = await this.readPacket();'}]}, {'pattern-inside': [{'pattern-inside': [{'pattern-inside': [{'pattern-inside': [{'pattern-inside': [{'pattern-inside': [{'pattern-inside': [{'pattern-inside': [{'pattern': 'async accept(connection)'}, {'pattern': 'const stream = new Gio.DataInputStream({'}, {'pattern': 'const data = await stream.read_line_async(GLib.PRIORITY_DEFAULT,'}, {'pattern': 'stream.close_async(GLib.PRIORITY_DEFAULT, null, null);'}, {'pattern': 'this.identity = new Core.Packet(data[0]);'}, {'pattern': 'if (!this.identity.body.deviceId)'}, {'pattern': 'if (!Device.validateId(this.identity.body.deviceId))'}, {'pattern': 'if (!this.identity.body.deviceName)'}, {'pattern': 'if (!Device.validateName(this.identity.body.deviceName))'}, {'pattern': 'this._connection = await this._encryptClient(connection);'}, {'pattern': 'if (this.identity.body.protocolVersion >= 8)'}, {'pattern': 'await this._exchangeIdentities();'}]}, {'pattern': 'await this._exchangeIdentities();'}]}, {'pattern': 'await this._exchangeIdentities();'}]}, {'pattern': 'await this._exchangeIdentities();'}]}, {'pattern': 'await this._exchangeIdentities();'}]}, {'pattern': 'await this._exchangeIdentities();'}]}, {'pattern': 'await this._exchangeIdentities();'}]}, {'pattern': 'await this._exchangeIdentities();'}]}]}] is not of type 'string'
2026-09-21 16:20:18,607 - INFO - Attempt 3/3 for patch results/runs_pilot_rerun_fixed/deepseek-coder_6.7b__design_v1/synthetic_patch_names/CASE-0022.patch
2026-09-21 16:20:34,454 - INFO - HTTP Request: POST https://gptlab.rd.tuni.fi/GPT-Lab/resources/GPU-farmi-004/v1/chat/completions "HTTP/1.1 200 OK"
2026-09-21 16:20:34,468 - ERROR - YAML parsing error: while scanning a quoted scalar
  in "<unicode string>", line 117, column 48:
     ...                      - pattern: 'const data 
                                         ^
found unexpected end of stream
  in "<unicode string>", line 118, column 86:
     ... m.read_line_async(GLib.PRIORITY:
                                         ^
2026-09-21 16:20:34,475 - ERROR - Failed to clean YAML text
2026-09-21 16:20:34,548 - ERROR - YAML parsing error: while parsing a block mapping
  in "<unicode string>", line 35, column 19:
                    - pattern: "stream.close_async(GLi ... 
                      ^
expected <block end>, but found '<scalar>'
  in "<unicode string>", line 36, column 39:
     ...           - metavariable-name: "close_stream"
                                         ^
2026-09-21 16:20:34,549 - ERROR - Failed to clean YAML text
2026-09-21 16:20:34,551 - ERROR - YAML parsing error: while parsing a block mapping
  in "<unicode string>", line 35, column 19:
                    - pattern: "stream.close_async(GLi ... 
                      ^
expected <block end>, but found '<scalar>'
  in "<unicode string>", line 36, column 39:
     ...           - metavariable-name: "close_stream"
                                         ^
2026-09-21 16:20:34,552 - ERROR - Failed to clean YAML text
2026-09-21 16:20:35,807 - ERROR - YAML parsing error: while scanning a quoted scalar
  in "<unicode string>", line 117, column 48:
     ...                      - pattern: 'const data 
                                         ^
found unexpected end of stream
  in "<unicode string>", line 118, column 86:
     ... m.read_line_async(GLib.PRIORITY:
                                         ^
2026-09-21 16:20:35,810 - ERROR - Failed to clean YAML text
2026-09-21 16:20:35,840 - INFO - Cloning repository: InternalError503/forget-it
2026-09-21 16:20:36,858 - INFO - Found commit: adf0c7fd59b9c935b4fd675c556265620124999c
2026-09-21 16:20:38,407 - INFO - Attempt 1/3 for patch results/runs_pilot_rerun_fixed/deepseek-coder_6.7b__design_v1/synthetic_patch_names/CASE-0023.patch
2026-09-21 16:20:44,797 - INFO - HTTP Request: POST https://gptlab.rd.tuni.fi/GPT-Lab/resources/GPU-farmi-004/v1/chat/completions "HTTP/1.1 200 OK"
2026-09-21 16:20:46,216 - WARNING - Attempt 1 failed: {'code': 2, 'level': 'error', 'type': 'Rule parse error', 'rule_id': 'var.folders.d5.5xvkptzs6cd9t_077gyhh1400000gr.T.vuln-forget-it-adf0c7fd', 'message': 'Rule parse error in rule var.folders.d5.5xvkptzs6cd9t_077gyhh1400000gr.T.vuln-forget-it-adf0c7fd:\n Invalid pattern for JavaScript: Stdlib.Parsing.Parse_error\n----- pattern -----\n$("#enableConfirmData,\n----- end pattern -----\n'}
2026-09-21 16:20:46,216 - INFO - Attempt 2/3 for patch results/runs_pilot_rerun_fixed/deepseek-coder_6.7b__design_v1/synthetic_patch_names/CASE-0023.patch
2026-09-21 16:20:49,302 - INFO - HTTP Request: POST https://gptlab.rd.tuni.fi/GPT-Lab/resources/GPU-farmi-004/v1/chat/completions "HTTP/1.1 200 OK"
2026-09-21 16:20:49,307 - ERROR - YAML parsing error: while parsing a block mapping
  in "<unicode string>", line 12, column 3:
      mode: "taint"
      ^
expected <block end>, but found '<scalar>'
  in "<unicode string>", line 15, column 44:
     ... ession: "$(JSXExpression[value="$(Identifier[name=\"forgetitopti ... 
                                         ^
2026-09-21 16:20:49,308 - ERROR - Failed to clean YAML text
2026-09-21 16:20:49,309 - INFO - Attempt 3/3 for patch results/runs_pilot_rerun_fixed/deepseek-coder_6.7b__design_v1/synthetic_patch_names/CASE-0023.patch
2026-09-21 16:20:51,644 - INFO - HTTP Request: POST https://gptlab.rd.tuni.fi/GPT-Lab/resources/GPU-farmi-004/v1/chat/completions "HTTP/1.1 200 OK"
2026-09-21 16:20:53,038 - WARNING - Attempt 3 failed: {'code': 2, 'level': 'error', 'type': 'Rule parse error', 'rule_id': 'var.folders.d5.5xvkptzs6cd9t_077gyhh1400000gr.T.vuln-forget-it-adf0c7fd', 'message': 'Rule parse error in rule var.folders.d5.5xvkptzs6cd9t_077gyhh1400000gr.T.vuln-forget-it-adf0c7fd:\n Invalid pattern for JavaScript: Stdlib.Parsing.Parse_error\n----- pattern -----\n$("#enableConfirmData,\n----- end pattern -----\n'}
2026-09-21 16:21:02,194 - ERROR - YAML parsing error: while parsing a block mapping
  in "<unicode string>", line 12, column 3:
      mode: "taint"
      ^
expected <block end>, but found '<scalar>'
  in "<unicode string>", line 15, column 44:
     ... ession: "$(JSXExpression[value="$(Identifier[name=\"forgetitopti ... 
                                         ^
2026-09-21 16:21:02,194 - ERROR - Failed to clean YAML text
2026-09-21 16:21:03,640 - INFO - Cloning repository: KartikTalwar/gmail.js
2026-09-21 16:21:04,968 - INFO - Found commit: a83436f499f9c01b04280af945a5a81137b6baf1
2026-09-21 16:21:06,433 - INFO - Attempt 1/3 for patch results/runs_pilot_rerun_fixed/deepseek-coder_6.7b__design_v1/synthetic_patch_names/CASE-0024.patch
2026-09-21 16:21:09,885 - INFO - HTTP Request: POST https://gptlab.rd.tuni.fi/GPT-Lab/resources/GPU-farmi-004/v1/chat/completions "HTTP/1.1 200 OK"
2026-09-21 16:21:11,182 - WARNING - Attempt 1 failed: [{'languages': ['javascript'], 'message': 'Potential arbitrary code execution detected.', 'pattern-not': 'var get_data = new Function("\\"use strict\\"; return " + data);\nrealData = get_data();\nparsedResponse.push(realData);\n'}] is not of type 'string'
2026-09-21 16:21:11,182 - INFO - Attempt 2/3 for patch results/runs_pilot_rerun_fixed/deepseek-coder_6.7b__design_v1/synthetic_patch_names/CASE-0024.patch
2026-09-21 16:21:12,499 - INFO - HTTP Request: POST https://gptlab.rd.tuni.fi/GPT-Lab/resources/GPU-farmi-004/v1/chat/completions "HTTP/1.1 200 OK"
2026-09-21 16:21:13,937 - WARNING - Attempt 2 failed: {'code': 2, 'level': 'error', 'type': 'Rule parse error', 'rule_id': 'var.folders.d5.5xvkptzs6cd9t_077gyhh1400000gr.T.vuln-gmail-js-a83436f4', 'message': 'Rule parse error in rule var.folders.d5.5xvkptzs6cd9t_077gyhh1400000gr.T.vuln-gmail-js-a83436f4:\n Invalid pattern for JavaScript: Stdlib.Parsing.Parse_error\n----- pattern -----\nvar get_data = new Function("use strict"; return $DATA);\nrealData = get_data();\nparsedResponse.push(realData);\n----- end pattern -----\n'}
2026-09-21 16:21:13,938 - INFO - Attempt 3/3 for patch results/runs_pilot_rerun_fixed/deepseek-coder_6.7b__design_v1/synthetic_patch_names/CASE-0024.patch
2026-09-21 16:21:16,175 - INFO - HTTP Request: POST https://gptlab.rd.tuni.fi/GPT-Lab/resources/GPU-farmi-004/v1/chat/completions "HTTP/1.1 200 OK"
2026-09-21 16:21:17,479 - WARNING - Attempt 3 failed: {'metavar': 'var get_data = new Function("use strict"; return $DATA); realData = get_data(); parsedResponse.push(realData);'} is not of type 'string'
2026-09-21 16:21:28,453 - INFO - Cloning repository: Mintplex-Labs/anything-llm
2026-09-21 16:21:39,854 - INFO - Found commit: 94ed62d320df1a06c229e4bc3ee09c2cb5111b33
2026-09-21 16:21:42,291 - INFO - Attempt 1/3 for patch results/runs_pilot_rerun_fixed/deepseek-coder_6.7b__design_v1/synthetic_patch_names/CASE-0025.patch
2026-09-21 16:21:46,508 - INFO - HTTP Request: POST https://gptlab.rd.tuni.fi/GPT-Lab/resources/GPU-farmi-004/v1/chat/completions "HTTP/1.1 200 OK"
2026-09-21 16:21:48,068 - WARNING - Attempt 1 failed: {'taint-mode': [{'args': [{'filter': ["startsWith('-')"], 'pattern': '$XSS{SELF.arguments[1]}'}], 'name': 'spawnSync'}]} is not of type 'string'
2026-09-21 16:21:48,068 - INFO - Attempt 2/3 for patch results/runs_pilot_rerun_fixed/deepseek-coder_6.7b__design_v1/synthetic_patch_names/CASE-0025.patch
2026-09-21 16:21:50,955 - INFO - HTTP Request: POST https://gptlab.rd.tuni.fi/GPT-Lab/resources/GPU-farmi-004/v1/chat/completions "HTTP/1.1 200 OK"
2026-09-21 16:21:52,535 - WARNING - Attempt 2 failed: {'code': 2, 'level': 'error', 'type': 'Rule parse error', 'rule_id': 'var.folders.d5.5xvkptzs6cd9t_077gyhh1400000gr.T.vuln-anything-llm-94ed62d3', 'message': 'Rule parse error in rule var.folders.d5.5xvkptzs6cd9t_077gyhh1400000gr.T.vuln-anything-llm-94ed62d3:\n Invalid pattern for JavaScript: Stdlib.Parsing.Parse_error\n----- pattern -----\nsearchWithRipgrep({$XSS{SELF.arguments[1]}}\n----- end pattern -----\n'}
2026-09-21 16:21:52,535 - INFO - Attempt 3/3 for patch results/runs_pilot_rerun_fixed/deepseek-coder_6.7b__design_v1/synthetic_patch_names/CASE-0025.patch
2026-09-21 16:22:02,928 - INFO - HTTP Request: POST https://gptlab.rd.tuni.fi/GPT-Lab/resources/GPU-farmi-004/v1/chat/completions "HTTP/1.1 200 OK"
2026-09-21 16:22:02,939 - ERROR - YAML parsing error: while scanning a double-quoted scalar
  in "<unicode string>", line 12, column 18:
      metavar-regex: "^searchWithRipgrep\(.*\)$"
                     ^
found unknown escape character '('
  in "<unicode string>", line 12, column 38:
     ... avar-regex: "^searchWithRipgrep\(.*\)$"
                                         ^
2026-09-21 16:22:02,940 - ERROR - Failed to clean YAML text
2026-09-21 16:22:13,487 - ERROR - YAML parsing error: while scanning a double-quoted scalar
  in "<unicode string>", line 12, column 18:
      metavar-regex: "^searchWithRipgrep\(.*\)$"
                     ^
found unknown escape character '('
  in "<unicode string>", line 12, column 38:
     ... avar-regex: "^searchWithRipgrep\(.*\)$"
                                         ^
2026-09-21 16:22:13,488 - ERROR - Failed to clean YAML text
2026-09-21 16:22:13,534 - INFO - Cloning repository: NodeBB/NodeBB
2026-09-21 16:22:30,155 - INFO - Found commit: 48d143921753914da45926cca6370a92ed0c46b8
2026-09-21 16:22:32,250 - INFO - Attempt 1/3 for patch results/runs_pilot_rerun_fixed/deepseek-coder_6.7b__design_v1/synthetic_patch_names/CASE-0026.patch
2026-09-21 16:22:36,720 - INFO - HTTP Request: POST https://gptlab.rd.tuni.fi/GPT-Lab/resources/GPU-farmi-004/v1/chat/completions "HTTP/1.1 200 OK"
2026-09-21 16:22:40,134 - INFO - Successfully generated valid rule for results/runs_pilot_rerun_fixed/deepseek-coder_6.7b__design_v1/synthetic_patch_names/CASE-0026.patch
2026-09-21 16:22:59,761 - INFO - Cloning repository: ether/etherpad-lite
2026-09-21 16:23:07,616 - INFO - Found commit: 9d4e5f6e35153129377206ef545d4965afae627d
2026-09-21 16:23:09,480 - INFO - Attempt 1/3 for patch results/runs_pilot_rerun_fixed/deepseek-coder_6.7b__design_v1/synthetic_patch_names/CASE-0027.patch
2026-09-21 16:23:12,789 - INFO - HTTP Request: POST https://gptlab.rd.tuni.fi/GPT-Lab/resources/GPU-farmi-004/v1/chat/completions "HTTP/1.1 200 OK"
2026-09-21 16:23:14,412 - WARNING - Attempt 1 failed: {'code': 2, 'level': 'error', 'type': 'Rule parse error', 'rule_id': 'var.folders.d5.5xvkptzs6cd9t_077gyhh1400000gr.T.vuln-etherpad-lite-9d4e5f6e', 'message': "Rule parse error in rule var.folders.d5.5xvkptzs6cd9t_077gyhh1400000gr.T.vuln-etherpad-lite-9d4e5f6e:\n Invalid pattern for JavaScript: Stdlib.Parsing.Parse_error\n----- pattern -----\n(var filename = ...;\n...\nfilename = filename.replace(/\\\\/g, '/');)\n\n----- end pattern -----\n"}
2026-09-21 16:23:14,412 - INFO - Attempt 2/3 for patch results/runs_pilot_rerun_fixed/deepseek-coder_6.7b__design_v1/synthetic_patch_names/CASE-0027.patch
2026-09-21 16:25:14,417 - INFO - Retrying request in 0.378460 seconds
2026-09-21 16:27:14,839 - INFO - Retrying request in 0.978414 seconds
2026-09-21 16:29:15,861 - ERROR - Error generating rule: Request timed out.
2026-09-21 16:29:15,861 - INFO - Attempt 3/3 for patch results/runs_pilot_rerun_fixed/deepseek-coder_6.7b__design_v1/synthetic_patch_names/CASE-0027.patch
2026-09-21 16:29:18,837 - INFO - HTTP Request: POST https://gptlab.rd.tuni.fi/GPT-Lab/resources/GPU-farmi-004/v1/chat/completions "HTTP/1.1 200 OK"
2026-09-21 16:29:20,708 - WARNING - Attempt 3 failed: {'code': 2, 'level': 'error', 'type': 'Rule parse error', 'rule_id': 'var.folders.d5.5xvkptzs6cd9t_077gyhh1400000gr.T.vuln-etherpad-lite-9d4e5f6e', 'message': "Rule parse error in rule var.folders.d5.5xvkptzs6cd9t_077gyhh1400000gr.T.vuln-etherpad-lite-9d4e5f6e:\n Invalid pattern for JavaScript: Stdlib.Parsing.Parse_error\n----- pattern -----\n(var filename = ...;\n...\nfilename = filename.replace(/\\\\/g, '/');)\n\n----- end pattern -----\n"}
2026-09-21 16:29:30,761 - INFO - Cloning repository: kanaka/noVNC
2026-09-21 16:29:32,442 - INFO - Found commit: ad941faddead705cd611921730054767a0b32dcd
2026-09-21 16:29:33,960 - INFO - Attempt 1/3 for patch results/runs_pilot_rerun_fixed/deepseek-coder_6.7b__design_v1/synthetic_patch_names/CASE-0028.patch
2026-09-21 16:29:39,237 - INFO - HTTP Request: POST https://gptlab.rd.tuni.fi/GPT-Lab/resources/GPU-farmi-004/v1/chat/completions "HTTP/1.1 200 OK"
2026-09-21 16:29:40,711 - WARNING - Attempt 1 failed: {'languages': ['javascript'], 'metavar': '$X', 'metavars': [{'$X': '$JS(var date, expires, secure; if (days) { date = new Date(); date.setTime(date.getTime()+(days*24*60*60*1000)); expires = "; expires="+date.toGMTString(); } else { expires = ""; }; if (document.location.protocol === "https:") { secure = "; secure"; } else { secure = ""; }; document.cookie = name+"="+value+expires+"; path=/"+secure;)'}]} is not of type 'string'
2026-09-21 16:29:40,711 - INFO - Attempt 2/3 for patch results/runs_pilot_rerun_fixed/deepseek-coder_6.7b__design_v1/synthetic_patch_names/CASE-0028.patch
2026-09-21 16:29:44,076 - INFO - HTTP Request: POST https://gptlab.rd.tuni.fi/GPT-Lab/resources/GPU-farmi-004/v1/chat/completions "HTTP/1.1 200 OK"
2026-09-21 16:29:44,079 - ERROR - Invalid rule schema: Missing required fields: pattern
2026-09-21 16:29:44,079 - INFO - Attempt 3/3 for patch results/runs_pilot_rerun_fixed/deepseek-coder_6.7b__design_v1/synthetic_patch_names/CASE-0028.patch
2026-09-21 16:29:46,250 - INFO - HTTP Request: POST https://gptlab.rd.tuni.fi/GPT-Lab/resources/GPU-farmi-004/v1/chat/completions "HTTP/1.1 200 OK"
2026-09-21 16:29:47,498 - WARNING - Attempt 3 failed: {'metavar': 'document.cookie', 'source': '$Y = document.cookie'} is not of type 'string'
2026-09-21 16:29:55,608 - ERROR - Invalid rule schema: Missing required fields: pattern
2026-09-21 16:29:56,926 - INFO - Cloning repository: micromatch/braces
2026-09-21 16:29:57,990 - INFO - Found commit: abdafb0cae1e0c00f184abbadc692f4eaa98f451
2026-09-21 16:29:59,406 - INFO - Attempt 1/3 for patch results/runs_pilot_rerun_fixed/deepseek-coder_6.7b__design_v1/synthetic_patch_names/CASE-0029.patch
2026-09-21 16:30:03,080 - INFO - HTTP Request: POST https://gptlab.rd.tuni.fi/GPT-Lab/resources/GPU-farmi-004/v1/chat/completions "HTTP/1.1 200 OK"
2026-09-21 16:30:04,360 - WARNING - Attempt 1 failed: {'metavar': 'vulnerable_brace_usage', 'metavar-regex': '^\\{(,+(?:(\\{,+\\})*),*|,*(?:(\\{,+\\})*),+\\}\\}$', 'metavar-regex-taint-mode': 'regex', 'metavar-regex-taint-mode-regex': '^\\{((?:,|\\{,+\\})+)\\}$', 'metavar-regex-taint-mode-regex-taint-mode': 'tainted', 'metavar-regex-taint-mode-regex-taint-mode-regex': 'tainted', 'metavar-taint-mode': 'tainted'} is not of type 'string'
2026-09-21 16:30:04,360 - INFO - Attempt 2/3 for patch results/runs_pilot_rerun_fixed/deepseek-coder_6.7b__design_v1/synthetic_patch_names/CASE-0029.patch
2026-09-21 16:30:06,898 - INFO - HTTP Request: POST https://gptlab.rd.tuni.fi/GPT-Lab/resources/GPU-farmi-004/v1/chat/completions "HTTP/1.1 200 OK"
2026-09-21 16:30:08,194 - WARNING - Attempt 2 failed: {'metavar': 'vulnerable_brace_usage', 'metavar-regex': '^\\{(,+(?:(\\{,+\\})*),*|,*(?:(\\{,+\\})*),+\\}\\}$', 'metavar-regex-taint-mode': 'regex', 'metavar-regex-taint-mode-regex': '^\\{((?:,|\\{,+\\})+)\\}$', 'metavar-regex-taint-mode-regex-taint-mode': 'tainted', 'metavar-regex-taint-mode-regex-taint-mode-regex': 'tainted', 'metavar-taint-mode': 'tainted'} is not of type 'string'
2026-09-21 16:30:08,194 - INFO - Attempt 3/3 for patch results/runs_pilot_rerun_fixed/deepseek-coder_6.7b__design_v1/synthetic_patch_names/CASE-0029.patch
2026-09-21 16:30:10,691 - INFO - HTTP Request: POST https://gptlab.rd.tuni.fi/GPT-Lab/resources/GPU-farmi-004/v1/chat/completions "HTTP/1.1 200 OK"
2026-09-21 16:30:11,926 - WARNING - Attempt 3 failed: {'metavar': 'vulnerable_brace_usage', 'metavar-regex': '^\\{(,+(?:(\\{,+\\})*),*|,*(?:(\\{,+\\})*),+\\}\\}$', 'metavar-regex-taint-mode': 'regex', 'metavar-regex-taint-mode-regex': '^\\{((?:,|\\{,+\\})+)\\}$', 'metavar-regex-taint-mode-regex-taint-mode': 'tainted', 'metavar-regex-taint-mode-regex-taint-mode-regex': 'tainted', 'metavar-taint-mode': 'tainted'} is not of type 'string'
2026-09-21 16:30:22,596 - INFO - Cloning repository: mongodb/js-bson
2026-09-21 16:30:25,028 - INFO - Found commit: bd61c45157c53a1698ff23770160cf4783e9ea4a
2026-09-21 16:30:26,512 - INFO - Attempt 1/3 for patch results/runs_pilot_rerun_fixed/deepseek-coder_6.7b__design_v1/synthetic_patch_names/CASE-0030.patch
2026-09-21 16:30:31,352 - INFO - HTTP Request: POST https://gptlab.rd.tuni.fi/GPT-Lab/resources/GPU-farmi-004/v1/chat/completions "HTTP/1.1 200 OK"
2026-09-21 16:30:32,853 - WARNING - Attempt 1 failed: {'metavariable-comparison': {'comparison': {'equal': {'constant': '$PATCHED_ARG0'}}, 'pattern-either': [{'metavariable': '$PATCHED_ARG0'}, {'metavariable': '$ARG0'}], 'variable': '$ARG0'}, 'metavariable-detection': {'method-call': {'arguments': {'metavariable': '$ARG0'}, 'name': 'Decimal128.fromString'}}} is not of type 'string'
2026-09-21 16:30:32,853 - INFO - Attempt 2/3 for patch results/runs_pilot_rerun_fixed/deepseek-coder_6.7b__design_v1/synthetic_patch_names/CASE-0030.patch
2026-09-21 16:30:36,063 - INFO - HTTP Request: POST https://gptlab.rd.tuni.fi/GPT-Lab/resources/GPU-farmi-004/v1/chat/completions "HTTP/1.1 200 OK"
2026-09-21 16:30:37,293 - WARNING - Attempt 2 failed: {'metavariable-comparison': {'comparison': {'equal': {'constant': '$PATCHED_ARG0'}}, 'pattern-either': [{'metavariable': '$PATCHED_ARG0'}, {'metavariable': '$ARG0'}], 'variable': '$ARG0'}, 'metavariable-detection': {'method-call': {'arguments': {'metavariable': '$ARG0'}, 'name': 'Decimal128.fromString'}}} is not of type 'string'
2026-09-21 16:30:37,293 - INFO - Attempt 3/3 for patch results/runs_pilot_rerun_fixed/deepseek-coder_6.7b__design_v1/synthetic_patch_names/CASE-0030.patch
2026-09-21 16:30:40,466 - INFO - HTTP Request: POST https://gptlab.rd.tuni.fi/GPT-Lab/resources/GPU-farmi-004/v1/chat/completions "HTTP/1.1 200 OK"
2026-09-21 16:30:41,735 - WARNING - Attempt 3 failed: {'metavariable-comparison': {'comparison': {'equal': {'constant': '$PATCHED_ARG0'}}, 'pattern-either': [{'metavariable': '$PATCHED_ARG0'}, {'metavariable': '$ARG0'}], 'variable': '$ARG0'}, 'metavariable-detection': {'method-call': {'arguments': {'metavariable': '$ARG0'}, 'name': 'Decimal128.fromString'}}} is not of type 'string'
2026-09-21 16:30:52,311 - INFO - Cloning repository: Dokploy/dokploy
2026-09-21 16:30:57,993 - INFO - Found commit: 61cf426615a4aa095b150362526aa52f2d1ea115
2026-09-21 16:30:59,661 - INFO - Attempt 1/3 for patch results/runs_pilot_rerun_fixed/deepseek-coder_6.7b__design_v1/synthetic_patch_names/CASE-0031.patch
2026-09-21 16:31:06,682 - INFO - HTTP Request: POST https://gptlab.rd.tuni.fi/GPT-Lab/resources/GPU-farmi-004/v1/chat/completions "HTTP/1.1 200 OK"
2026-09-21 16:31:06,685 - ERROR - Invalid rule schema: Missing required fields: message
2026-09-21 16:31:06,685 - INFO - Attempt 2/3 for patch results/runs_pilot_rerun_fixed/deepseek-coder_6.7b__design_v1/synthetic_patch_names/CASE-0031.patch
2026-09-21 16:31:10,572 - INFO - HTTP Request: POST https://gptlab.rd.tuni.fi/GPT-Lab/resources/GPU-farmi-004/v1/chat/completions "HTTP/1.1 200 OK"
2026-09-21 16:31:10,576 - ERROR - YAML parsing error: while scanning for the next token
found character '`' that cannot start any token
  in "<unicode string>", line 16, column 15:
                  `db.query.member.findFirst({
                  ^
2026-09-21 16:31:10,577 - ERROR - Failed to clean YAML text
2026-09-21 16:31:10,578 - INFO - Attempt 3/3 for patch results/runs_pilot_rerun_fixed/deepseek-coder_6.7b__design_v1/synthetic_patch_names/CASE-0031.patch
2026-09-21 16:31:14,770 - INFO - HTTP Request: POST https://gptlab.rd.tuni.fi/GPT-Lab/resources/GPU-farmi-004/v1/chat/completions "HTTP/1.1 200 OK"
2026-09-21 16:31:17,386 - WARNING - Attempt 3 failed: Rule failed to detect vulnerability in original version
2026-09-21 16:31:17,441 - ERROR - Invalid rule schema: Missing required fields: message
2026-09-21 16:31:17,443 - ERROR - Invalid rule schema: Missing required fields: message
2026-09-21 16:31:17,443 - ERROR - YAML parsing error: while scanning for the next token
found character '`' that cannot start any token
  in "<unicode string>", line 16, column 15:
                  `db.query.member.findFirst({
                  ^
2026-09-21 16:31:17,444 - ERROR - Failed to clean YAML text
2026-09-21 16:31:20,025 - INFO - Cloning repository: Eugeny/tabby
2026-09-21 16:31:32,045 - INFO - Found commit: 1c077147acd0a6ec9f8ee80d83a3e9688fbb9444
2026-09-21 16:31:33,684 - INFO - Attempt 1/3 for patch results/runs_pilot_rerun_fixed/deepseek-coder_6.7b__design_v1/synthetic_patch_names/CASE-0032.patch
2026-09-21 16:31:37,810 - INFO - HTTP Request: POST https://gptlab.rd.tuni.fi/GPT-Lab/resources/GPU-farmi-004/v1/chat/completions "HTTP/1.1 200 OK"
2026-09-21 16:31:39,154 - WARNING - Attempt 1 failed: {'metavar': 'authHandler: (methodsLeft, partialSuccess, callback) => { this.zone.run(async () => { await hostVerifiedPromise; callback(await this.handleAuth(methodsLeft)) })'} is not of type 'string'
2026-09-21 16:31:39,155 - INFO - Attempt 2/3 for patch results/runs_pilot_rerun_fixed/deepseek-coder_6.7b__design_v1/synthetic_patch_names/CASE-0032.patch
2026-09-21 16:31:41,170 - INFO - HTTP Request: POST https://gptlab.rd.tuni.fi/GPT-Lab/resources/GPU-farmi-004/v1/chat/completions "HTTP/1.1 200 OK"
2026-09-21 16:31:41,174 - ERROR - YAML parsing error: mapping values are not allowed here
  in "<unicode string>", line 11, column 23:
      metavar: authHandler: (methodsLeft, partialSuccess,  ... 
                          ^
2026-09-21 16:31:41,175 - ERROR - Failed to clean YAML text
2026-09-21 16:31:41,175 - INFO - Attempt 3/3 for patch results/runs_pilot_rerun_fixed/deepseek-coder_6.7b__design_v1/synthetic_patch_names/CASE-0032.patch
2026-09-21 16:31:50,962 - INFO - HTTP Request: POST https://gptlab.rd.tuni.fi/GPT-Lab/resources/GPU-farmi-004/v1/chat/completions "HTTP/1.1 200 OK"
2026-09-21 16:31:52,233 - WARNING - Attempt 3 failed: {'metavariable-expression': {'metavariable': '$X', 'pattern': {'any': [{'metavariable-expression': {'metavariable': '$Y', 'pattern': {'metavariable-expression': {'metavariable': '$Z', 'pattern': {'metavariable-expression': {'metavariable': '$W', 'pattern': {'metavariable-expression': {'metavariable': '$V', 'pattern': {'metavariable-expression': {'metavariable': '$U', 'pattern': {'metavariable-expression': {'metavariable': '$T', 'pattern': {'metavariable-expression': {'metavariable': '$S', 'pattern': {'metavariable-expression': {'metavariable': '$R', 'pattern': {'metavariable-expression': {'metavariable': '$Q', 'pattern': {'metavariable-expression': {'metavariable': '$P', 'pattern': {'metavariable-expression': {'metavariable': '$O', 'pattern': {'metavariable-expression': {'metavariable': '$N', 'pattern': {'metavariable-expression': {'metavariable': '$M', 'pattern': {'metavariable-expression': {'metavariable': '$L', 'pattern': {'metavariable-expression': {'metavariable': '$K', 'pattern': {'metavariable-expression': {'metavariable': '$J', 'pattern': {'metavariable-expression': {'metavariable': '$I', 'pattern': {'metavariable-expression': {'metavariable': '$H', 'pattern': {'metavariable-expression': {'metavariable': '$G', 'pattern': {'metavariable-expression': {'metavariable': '$F', 'pattern': {'metavariable-expression': {'metavariable': '$E', 'pattern': {'metavariable-expression': {'metavariable': '$D', 'pattern': {'metavariable-expression': {'metavariable': '$C', 'pattern': {'metavariable-expression': {'metavariable': '$B', 'pattern': {'metavariable-expression': {'metavariable': '$A', 'pattern': {'metavariable-expression': {'metavariable': '$SSHSession', 'pattern': {'metavariable-expression': {'metavariable': '$authHandler', 'pattern': {'metavariable-expression': {'metavariable': '$methodsLeft', 'pattern': {'metavariable-expression': {'metavariable': '$partialSuccess', 'pattern': {'metavariable-expression': {'metavariable': '$callback', 'pattern': {'metavariable-expression': {'metavariable': '$zone', 'pattern': {'metavariable-expression': {'metavariable': '$run', 'pattern': {'metavariable-expression': {'metavariable': '$handleAuth', 'pattern': {'metavariable-expression': {'metavariable': '$hostVerifiedPromise'}}}}}}}}}}}}}}}}}}}}}}}}}}}}}}}}}}}}}}}}}}}}}}}}}}}}}}}}}}}}}}}}}}}}]}}} is not of type 'string'
2026-09-21 16:32:00,280 - ERROR - YAML parsing error: mapping values are not allowed here
  in "<unicode string>", line 11, column 23:
      metavar: authHandler: (methodsLeft, partialSuccess,  ... 
                          ^
2026-09-21 16:32:00,280 - ERROR - Failed to clean YAML text
2026-09-21 16:32:01,974 - INFO - Cloning repository: JstnMcBrd/dectalk-tts
2026-09-21 16:32:03,279 - INFO - Found commit: 3600d8ac156f27da553ac4ead46d16989a350105
2026-09-21 16:32:04,571 - INFO - Attempt 1/3 for patch results/runs_pilot_rerun_fixed/deepseek-coder_6.7b__design_v1/synthetic_patch_names/CASE-0033.patch
2026-09-21 16:32:08,736 - INFO - HTTP Request: POST https://gptlab.rd.tuni.fi/GPT-Lab/resources/GPU-farmi-004/v1/chat/completions "HTTP/1.1 200 OK"
2026-09-21 16:32:08,745 - ERROR - Invalid rule schema: Missing required fields: pattern, message
2026-09-21 16:32:08,745 - INFO - Attempt 2/3 for patch results/runs_pilot_rerun_fixed/deepseek-coder_6.7b__design_v1/synthetic_patch_names/CASE-0033.patch
2026-09-21 16:32:12,627 - INFO - HTTP Request: POST https://gptlab.rd.tuni.fi/GPT-Lab/resources/GPU-farmi-004/v1/chat/completions "HTTP/1.1 200 OK"
2026-09-21 16:32:15,231 - WARNING - Attempt 2 failed: Rule failed to detect vulnerability in original version
2026-09-21 16:32:15,231 - INFO - Attempt 3/3 for patch results/runs_pilot_rerun_fixed/deepseek-coder_6.7b__design_v1/synthetic_patch_names/CASE-0033.patch
2026-09-21 16:32:16,554 - INFO - HTTP Request: POST https://gptlab.rd.tuni.fi/GPT-Lab/resources/GPU-farmi-004/v1/chat/completions "HTTP/1.1 200 OK"
2026-09-21 16:32:16,564 - ERROR - Invalid rule schema: Missing required fields: pattern
2026-09-21 16:32:16,639 - ERROR - Invalid rule schema: Missing required fields: pattern, message
2026-09-21 16:32:16,640 - ERROR - Invalid rule schema: Missing required fields: pattern, message
2026-09-21 16:32:19,475 - ERROR - Invalid rule schema: Missing required fields: pattern
2026-09-21 16:32:19,486 - INFO - Cloning repository: OneUptime/oneuptime
2026-09-21 16:33:56,312 - INFO - Found commit: 07bc6d4edde7397ea6b88f889c065ec392052ab4
2026-09-21 16:33:59,947 - INFO - Attempt 1/3 for patch results/runs_pilot_rerun_fixed/deepseek-coder_6.7b__design_v1/synthetic_patch_names/CASE-0034.patch
2026-09-21 16:34:03,631 - INFO - HTTP Request: POST https://gptlab.rd.tuni.fi/GPT-Lab/resources/GPU-farmi-004/v1/chat/completions "HTTP/1.1 200 OK"
2026-09-21 16:34:05,478 - WARNING - Attempt 1 failed: {'code': 2, 'level': 'error', 'type': 'Rule parse error', 'rule_id': 'var.folders.d5.5xvkptzs6cd9t_077gyhh1400000gr.T.vuln-oneuptime-07bc6d4e', 'message': 'Rule parse error in rule var.folders.d5.5xvkptzs6cd9t_077gyhh1400000gr.T.vuln-oneuptime-07bc6d4e:\n Invalid pattern for TypeScript: Stdlib.Parsing.Parse_error\n----- pattern -----\n$X = @TypeORM.TableAccessControl({\n  create: [Permission.Public],\n  read: [Permission.CurrentUser],\n  delete: [Permission.CurrentUser],\n  update: [Permission.CurrentUser],\n})\n\n----- end pattern -----\n'}
2026-09-21 16:34:05,478 - INFO - Attempt 2/3 for patch results/runs_pilot_rerun_fixed/deepseek-coder_6.7b__design_v1/synthetic_patch_names/CASE-0034.patch
2026-09-21 16:34:08,190 - INFO - HTTP Request: POST https://gptlab.rd.tuni.fi/GPT-Lab/resources/GPU-farmi-004/v1/chat/completions "HTTP/1.1 200 OK"
2026-09-21 16:34:09,683 - WARNING - Attempt 2 failed: {'metaparams': [{'metaparams': [{'metavar': 'Permission.Public'}], 'metatype': 'Array', 'metavar': 'create'}, {'metaparams': [{'metavar': 'Permission.CurrentUser'}], 'metatype': 'Array', 'metavar': 'read'}, {'metaparams': [{'metavar': 'Permission.CurrentUser'}], 'metatype': 'Array', 'metavar': 'delete'}, {'metaparams': [{'metavar': 'Permission.CurrentUser'}], 'metatype': 'Array', 'metavar': 'update'}], 'metatype': '@TypeORM.TableAccessControl', 'metavar': '$X'} is not of type 'string'
2026-09-21 16:34:09,683 - INFO - Attempt 3/3 for patch results/runs_pilot_rerun_fixed/deepseek-coder_6.7b__design_v1/synthetic_patch_names/CASE-0034.patch
2026-09-21 16:34:13,508 - INFO - HTTP Request: POST https://gptlab.rd.tuni.fi/GPT-Lab/resources/GPU-farmi-004/v1/chat/completions "HTTP/1.1 200 OK"
2026-09-21 16:34:15,147 - WARNING - Attempt 3 failed: {'metaparams': [{'metaparams': [{'metavar': 'Permission.Public'}], 'metatype': 'Array', 'metavar': 'create'}, {'metaparams': [{'metavar': 'Permission.CurrentUser'}], 'metatype': 'Array', 'metavar': 'read'}, {'metaparams': [{'metavar': 'Permission.CurrentUser'}], 'metatype': 'Array', 'metavar': 'delete'}, {'metaparams': [{'metavar': 'Permission.CurrentUser'}], 'metatype': 'Array', 'metavar': 'update'}], 'metatype': '@TypeORM.TableAccessControl', 'metavar': '$X'} is not of type 'string'
2026-09-21 16:34:28,831 - INFO - Cloning repository: OpenSlides/openslides-auth-service
2026-09-21 16:34:31,671 - INFO - Found commit: 70c1aa9f5e1db59ec120ecce98d1c1169350a4ee
2026-09-21 16:34:33,189 - INFO - Attempt 1/3 for patch results/runs_pilot_rerun_fixed/deepseek-coder_6.7b__design_v1/synthetic_patch_names/CASE-0035.patch
2026-09-21 16:36:33,212 - INFO - Retrying request in 0.443185 seconds
2026-09-21 16:36:42,968 - INFO - HTTP Request: POST https://gptlab.rd.tuni.fi/GPT-Lab/resources/GPU-farmi-004/v1/chat/completions "HTTP/1.1 200 OK"
2026-09-21 16:36:45,601 - WARNING - Attempt 1 failed: Rule failed to detect vulnerability in original version
2026-09-21 16:36:45,601 - INFO - Attempt 2/3 for patch results/runs_pilot_rerun_fixed/deepseek-coder_6.7b__design_v1/synthetic_patch_names/CASE-0035.patch
2026-09-21 16:36:48,293 - INFO - HTTP Request: POST https://gptlab.rd.tuni.fi/GPT-Lab/resources/GPU-farmi-004/v1/chat/completions "HTTP/1.1 200 OK"
2026-09-21 16:36:49,686 - WARNING - Attempt 2 failed: {'code': 2, 'level': 'error', 'type': 'Rule parse error', 'rule_id': 'var.folders.d5.5xvkptzs6cd9t_077gyhh1400000gr.T.vuln-openslides-auth-service-70c1aa9f', 'message': 'Rule parse error in rule var.folders.d5.5xvkptzs6cd9t_077gyhh1400000gr.T.vuln-openslides-auth-service-70c1aa9f:\n Invalid pattern for TypeScript: Stdlib.Parsing.Parse_error\n----- pattern -----\n$X isPasswordCorrect:FUNC($Y, $Z)\nif !$X.isExisting() || !$X.password || !$X.is_active\nif $X.password && $X.isExisting() && $X.is_active\n\n----- end pattern -----\n'}
2026-09-21 16:36:49,686 - INFO - Attempt 3/3 for patch results/runs_pilot_rerun_fixed/deepseek-coder_6.7b__design_v1/synthetic_patch_names/CASE-0035.patch
2026-09-21 16:38:49,692 - INFO - Retrying request in 0.402201 seconds
2026-09-21 16:39:01,843 - INFO - HTTP Request: POST https://gptlab.rd.tuni.fi/GPT-Lab/resources/GPU-farmi-004/v1/chat/completions "HTTP/1.1 200 OK"
2026-09-21 16:39:01,857 - ERROR - Invalid rule schema: Missing required fields: pattern
2026-09-21 16:39:19,038 - ERROR - Invalid rule schema: Missing required fields: pattern
2026-09-21 16:39:19,083 - INFO - Cloning repository: awwaiid/mcp-server-taskwarrior
2026-09-21 16:39:19,995 - INFO - Found commit: 1ee3d282debfa0a99afeb41d22c4b2fd5a3148f2
2026-09-21 16:39:21,362 - INFO - Attempt 1/3 for patch results/runs_pilot_rerun_fixed/deepseek-coder_6.7b__design_v1/synthetic_patch_names/CASE-0036.patch
2026-09-21 16:39:25,602 - INFO - HTTP Request: POST https://gptlab.rd.tuni.fi/GPT-Lab/resources/GPU-farmi-004/v1/chat/completions "HTTP/1.1 200 OK"
2026-09-21 16:39:25,606 - ERROR - YAML parsing error: mapping values are not allowed here
  in "<unicode string>", line 3, column 69:
     ... a.identifier} done`, { maxBuffer: 1024 * 1024 * 10 }).toString() ... 
                                         ^
2026-09-21 16:39:25,606 - ERROR - Failed to clean YAML text
2026-09-21 16:39:25,606 - INFO - Attempt 2/3 for patch results/runs_pilot_rerun_fixed/deepseek-coder_6.7b__design_v1/synthetic_patch_names/CASE-0036.patch
2026-09-21 16:39:27,428 - INFO - HTTP Request: POST https://gptlab.rd.tuni.fi/GPT-Lab/resources/GPU-farmi-004/v1/chat/completions "HTTP/1.1 200 OK"
2026-09-21 16:39:27,432 - ERROR - YAML parsing error: mapping values are not allowed here
  in "<unicode string>", line 3, column 69:
     ... a.identifier} done`, { maxBuffer: 1024 * 1024 * 10 }).toString() ... 
                                         ^
2026-09-21 16:39:27,432 - ERROR - Failed to clean YAML text
2026-09-21 16:39:27,432 - INFO - Attempt 3/3 for patch results/runs_pilot_rerun_fixed/deepseek-coder_6.7b__design_v1/synthetic_patch_names/CASE-0036.patch
2026-09-21 16:39:29,189 - INFO - HTTP Request: POST https://gptlab.rd.tuni.fi/GPT-Lab/resources/GPU-farmi-004/v1/chat/completions "HTTP/1.1 200 OK"
2026-09-21 16:39:29,193 - ERROR - YAML parsing error: mapping values are not allowed here
  in "<unicode string>", line 3, column 69:
     ... a.identifier} done`, { maxBuffer: 1024 * 1024 * 10 }).toString() ... 
                                         ^
2026-09-21 16:39:29,194 - ERROR - Failed to clean YAML text
2026-09-21 16:39:29,280 - ERROR - YAML parsing error: mapping values are not allowed here
  in "<unicode string>", line 3, column 69:
     ... a.identifier} done`, { maxBuffer: 1024 * 1024 * 10 }).toString() ... 
                                         ^
2026-09-21 16:39:29,281 - ERROR - Failed to clean YAML text
2026-09-21 16:39:29,281 - ERROR - YAML parsing error: mapping values are not allowed here
  in "<unicode string>", line 3, column 69:
     ... a.identifier} done`, { maxBuffer: 1024 * 1024 * 10 }).toString() ... 
                                         ^
2026-09-21 16:39:29,281 - ERROR - Failed to clean YAML text
2026-09-21 16:39:29,282 - ERROR - YAML parsing error: mapping values are not allowed here
  in "<unicode string>", line 3, column 69:
     ... a.identifier} done`, { maxBuffer: 1024 * 1024 * 10 }).toString() ... 
                                         ^
2026-09-21 16:39:29,282 - ERROR - Failed to clean YAML text
2026-09-21 16:39:29,282 - ERROR - YAML parsing error: mapping values are not allowed here
  in "<unicode string>", line 3, column 69:
     ... a.identifier} done`, { maxBuffer: 1024 * 1024 * 10 }).toString() ... 
                                         ^
2026-09-21 16:39:29,283 - ERROR - Failed to clean YAML text
2026-09-21 16:39:29,336 - INFO - Cloning repository: edmundhung/conform
2026-09-21 16:39:32,037 - INFO - Found commit: 4819d51b5a53fd5486fc85c17cdc148eb160e3de
2026-09-21 16:39:33,595 - INFO - Attempt 1/3 for patch results/runs_pilot_rerun_fixed/deepseek-coder_6.7b__design_v1/synthetic_patch_names/CASE-0037.patch
2026-09-21 16:39:37,172 - INFO - HTTP Request: POST https://gptlab.rd.tuni.fi/GPT-Lab/resources/GPU-farmi-004/v1/chat/completions "HTTP/1.1 200 OK"
2026-09-21 16:39:38,685 - WARNING - Attempt 1 failed: {'metavariable-detection': {'message': 'Potential prototype pollution vulnerability', 'metavariable': '$X', 'pattern-not': {'metavariable': '$Y', 'pattern': "typeof $X !== 'undefined' &&\n$X !== '' &&\n$X !== '__proto__' &&\n$X !== 'constructor' &&\n$X !== 'prototype'"}}} is not of type 'string'
2026-09-21 16:39:38,685 - INFO - Attempt 2/3 for patch results/runs_pilot_rerun_fixed/deepseek-coder_6.7b__design_v1/synthetic_patch_names/CASE-0037.patch
2026-09-21 16:41:38,691 - INFO - Retrying request in 0.426030 seconds
2026-09-21 16:43:39,168 - INFO - Retrying request in 0.808685 seconds
2026-09-21 16:45:40,016 - ERROR - Error generating rule: Request timed out.
2026-09-21 16:45:40,017 - INFO - Attempt 3/3 for patch results/runs_pilot_rerun_fixed/deepseek-coder_6.7b__design_v1/synthetic_patch_names/CASE-0037.patch
2026-09-21 16:47:40,045 - INFO - Retrying request in 0.408334 seconds
2026-09-21 16:49:40,482 - INFO - Retrying request in 0.932420 seconds
2026-09-21 16:51:41,456 - ERROR - Error generating rule: Request timed out.
2026-09-21 16:51:51,923 - INFO - Cloning repository: enchant97/note-mark
2026-09-21 16:51:53,249 - INFO - Found commit: a0997facb82f85bfb8c0d497606d89e7d150e182
2026-09-21 16:51:54,921 - INFO - Attempt 1/3 for patch results/runs_pilot_rerun_fixed/deepseek-coder_6.7b__design_v1/synthetic_patch_names/CASE-0038.patch
2026-09-21 16:51:57,413 - INFO - HTTP Request: POST https://gptlab.rd.tuni.fi/GPT-Lab/resources/GPU-farmi-004/v1/chat/completions "HTTP/1.1 200 OK"
2026-09-21 16:51:59,059 - WARNING - Attempt 1 failed: [{'pattern-either': [{'method': {'arguments': {'0': {'pattern-siblings': {'0': {'pattern-not-contains': 'DOMPurify.sanitize'}}}}, 'name': 'render'}}, {'method': {'arguments': {'0': {'pattern-siblings': {'0': {'pattern-not-contains': 'markdown_to_html'}}}}, 'name': 'render'}}]}] is not of type 'string'
2026-09-21 16:51:59,059 - INFO - Attempt 2/3 for patch results/runs_pilot_rerun_fixed/deepseek-coder_6.7b__design_v1/synthetic_patch_names/CASE-0038.patch
2026-09-21 16:53:59,063 - INFO - Retrying request in 0.494768 seconds
2026-09-21 16:54:09,921 - INFO - HTTP Request: POST https://gptlab.rd.tuni.fi/GPT-Lab/resources/GPU-farmi-004/v1/chat/completions "HTTP/1.1 200 OK"
2026-09-21 16:54:15,484 - WARNING - Attempt 2 failed: {'metavariable-regex': {'metavariable': '$USER_INPUT', 'pattern': '$RENDER(?P<args>(?P<arg>\\(.*?\\)).*?$XSS)'}} is not of type 'string'
2026-09-21 16:54:15,484 - INFO - Attempt 3/3 for patch results/runs_pilot_rerun_fixed/deepseek-coder_6.7b__design_v1/synthetic_patch_names/CASE-0038.patch
2026-09-21 16:54:18,380 - INFO - HTTP Request: POST https://gptlab.rd.tuni.fi/GPT-Lab/resources/GPU-farmi-004/v1/chat/completions "HTTP/1.1 200 OK"
2026-09-21 16:54:21,555 - INFO - Successfully generated valid rule for results/runs_pilot_rerun_fixed/deepseek-coder_6.7b__design_v1/synthetic_patch_names/CASE-0038.patch
2026-09-21 16:54:44,669 - INFO - Cloning repository: genieacs/genieacs
2026-09-21 16:54:46,538 - INFO - Found commit: 7f295beeecc1c1f14308a93c82413bb334045af6
2026-09-21 16:54:48,482 - INFO - Attempt 1/3 for patch results/runs_pilot_rerun_fixed/deepseek-coder_6.7b__design_v1/synthetic_patch_names/CASE-0039.patch
2026-09-21 16:54:51,668 - INFO - HTTP Request: POST https://gptlab.rd.tuni.fi/GPT-Lab/resources/GPU-farmi-004/v1/chat/completions "HTTP/1.1 200 OK"
2026-09-21 16:54:54,756 - WARNING - Attempt 1 failed: Rule failed to detect vulnerability in original version
2026-09-21 16:54:54,756 - INFO - Attempt 2/3 for patch results/runs_pilot_rerun_fixed/deepseek-coder_6.7b__design_v1/synthetic_patch_names/CASE-0039.patch
2026-09-21 16:54:57,948 - INFO - HTTP Request: POST https://gptlab.rd.tuni.fi/GPT-Lab/resources/GPU-farmi-004/v1/chat/completions "HTTP/1.1 200 OK"
2026-09-21 16:54:59,464 - WARNING - Attempt 2 failed: {'metavariable-detection': {'message': 'Possible OS command injection vulnerability in ping function', 'metavariable': '$X', 'pattern-not': {'metavariable': '$X', 'pattern': 'import { domainToASCII } from "url";\nfunction isValidHost(host: string): boolean {\n  if (/^[a-zA-Z0-9\\-.:[\\]-]+$/.test(host)) return true;\n  return /^[a-zA-Z0-9\\-.:[\\]-]+$/.test(domainToASCII(host));\n}\nif (!isValidHost(host)) return callback(new Error("Invalid host"));\n'}}} is not of type 'string'
2026-09-21 16:54:59,465 - INFO - Attempt 3/3 for patch results/runs_pilot_rerun_fixed/deepseek-coder_6.7b__design_v1/synthetic_patch_names/CASE-0039.patch
2026-09-21 16:55:01,531 - INFO - HTTP Request: POST https://gptlab.rd.tuni.fi/GPT-Lab/resources/GPU-farmi-004/v1/chat/completions "HTTP/1.1 200 OK"
2026-09-21 16:55:04,808 - WARNING - Attempt 3 failed: Rule failed to detect vulnerability in original version
2026-09-21 16:55:21,364 - INFO - Cloning repository: jasonraimondi/url-to-png
2026-09-21 16:55:22,684 - INFO - Found commit: e4eaeca6493b21cd515b582fd6c0af09ede54507
2026-09-21 16:55:24,553 - INFO - Attempt 1/3 for patch results/runs_pilot_rerun_fixed/deepseek-coder_6.7b__design_v1/synthetic_patch_names/CASE-0040.patch
2026-09-21 16:55:29,052 - INFO - HTTP Request: POST https://gptlab.rd.tuni.fi/GPT-Lab/resources/GPU-farmi-004/v1/chat/completions "HTTP/1.1 200 OK"
2026-09-21 16:55:32,193 - WARNING - Attempt 1 failed: Rule failed to detect vulnerability in original version
2026-09-21 16:55:32,193 - INFO - Attempt 2/3 for patch results/runs_pilot_rerun_fixed/deepseek-coder_6.7b__design_v1/synthetic_patch_names/CASE-0040.patch
2026-09-21 16:55:36,449 - INFO - HTTP Request: POST https://gptlab.rd.tuni.fi/GPT-Lab/resources/GPU-farmi-004/v1/chat/completions "HTTP/1.1 200 OK"
2026-09-21 16:55:39,011 - WARNING - Attempt 2 failed: Rule failed to detect vulnerability in original version
2026-09-21 16:55:39,011 - INFO - Attempt 3/3 for patch results/runs_pilot_rerun_fixed/deepseek-coder_6.7b__design_v1/synthetic_patch_names/CASE-0040.patch
2026-09-21 16:55:43,105 - INFO - HTTP Request: POST https://gptlab.rd.tuni.fi/GPT-Lab/resources/GPU-farmi-004/v1/chat/completions "HTTP/1.1 200 OK"
2026-09-21 16:55:45,606 - WARNING - Attempt 3 failed: Rule failed to detect vulnerability in original version
2026-09-21 16:56:02,818 - INFO - [deepseek-coder:6.7b] done -> results/runs_pilot_rerun_fixed/deepseek-coder_6.7b__design_v1/generation_log.jsonl
2026-09-21 16:56:08,177 - INFO - Running across 2 host(s) concurrently: {'GPU-farmi-004': ['deepseek-coder:6.7b'], 'GPU-farmi-001': ['magicoder:7b']}
2026-09-21 16:56:12,122 - INFO - [magicoder:7b] processing 40 curated case(s), run_id=magicoder_7b__20260921T135608Z
2026-09-21 16:56:12,122 - INFO - [deepseek-coder:6.7b] processing 40 curated case(s), run_id=deepseek-coder_6.7b__20260921T135608Z
2026-09-21 16:56:12,140 - INFO - Cloning repository: 1Panel-dev/MaxKB
2026-09-21 16:56:12,140 - INFO - Cloning repository: 1Panel-dev/MaxKB
2026-09-21 16:56:23,039 - INFO - Found commit: 38c4cfecd065293ede0437f6fa76cf0116591d25
2026-09-21 16:56:24,659 - INFO - Attempt 1/3 for patch results/runs_pilot_rerun_fixed/deepseek-coder_6.7b__autogrep_default/synthetic_patch_names/CASE-0001.patch
2026-09-21 16:56:27,675 - INFO - Found commit: 38c4cfecd065293ede0437f6fa76cf0116591d25
2026-09-21 16:56:29,744 - INFO - Attempt 1/3 for patch results/runs_pilot_rerun_fixed/magicoder_7b__autogrep_default/synthetic_patch_names/CASE-0001.patch
2026-09-21 16:56:30,773 - INFO - HTTP Request: POST https://gptlab.rd.tuni.fi/GPT-Lab/resources/GPU-farmi-004/v1/chat/completions "HTTP/1.1 200 OK"
2026-09-21 16:56:34,218 - WARNING - Attempt 1 failed: Rule failed to detect vulnerability in original version
2026-09-21 16:56:34,219 - INFO - Attempt 2/3 for patch results/runs_pilot_rerun_fixed/deepseek-coder_6.7b__autogrep_default/synthetic_patch_names/CASE-0001.patch
2026-09-21 16:56:37,378 - INFO - HTTP Request: POST https://gptlab.rd.tuni.fi/GPT-Lab/resources/GPU-farmi-001/v1/chat/completions "HTTP/1.1 200 OK"
2026-09-21 16:56:37,890 - INFO - HTTP Request: POST https://gptlab.rd.tuni.fi/GPT-Lab/resources/GPU-farmi-004/v1/chat/completions "HTTP/1.1 200 OK"
2026-09-21 16:56:39,216 - WARNING - Attempt 1 failed: {'code': 2, 'level': 'error', 'type': 'Rule parse error', 'rule_id': 'var.folders.d5.5xvkptzs6cd9t_077gyhh1400000gr.T.vuln-maxkb-38c4cfec', 'message': "Rule parse error in rule var.folders.d5.5xvkptzs6cd9t_077gyhh1400000gr.T.vuln-maxkb-38c4cfec:\n Invalid pattern for Python: `$json' is neither a valid identifier in Python nor a valid meta-variable\n----- pattern -----\n$json.dump({{code:200,msg:'success',data:$exec_result}}, sys.stdout)\n\n----- end pattern -----\n"}
2026-09-21 16:56:39,216 - INFO - Attempt 2/3 for patch results/runs_pilot_rerun_fixed/magicoder_7b__autogrep_default/synthetic_patch_names/CASE-0001.patch
2026-09-21 16:56:41,208 - WARNING - Attempt 2 failed: Rule failed to detect vulnerability in original version
2026-09-21 16:56:41,208 - INFO - Attempt 3/3 for patch results/runs_pilot_rerun_fixed/deepseek-coder_6.7b__autogrep_default/synthetic_patch_names/CASE-0001.patch
2026-09-21 16:56:44,854 - INFO - HTTP Request: POST https://gptlab.rd.tuni.fi/GPT-Lab/resources/GPU-farmi-004/v1/chat/completions "HTTP/1.1 200 OK"
2026-09-21 16:56:47,926 - INFO - HTTP Request: POST https://gptlab.rd.tuni.fi/GPT-Lab/resources/GPU-farmi-001/v1/chat/completions "HTTP/1.1 200 OK"
2026-09-21 16:56:48,273 - WARNING - Attempt 3 failed: Rule failed to detect vulnerability in original version
2026-09-21 16:56:51,265 - WARNING - Attempt 2 failed: Rule failed to detect vulnerability in original version
2026-09-21 16:56:51,265 - INFO - Attempt 3/3 for patch results/runs_pilot_rerun_fixed/magicoder_7b__autogrep_default/synthetic_patch_names/CASE-0001.patch
2026-09-21 16:57:00,090 - INFO - HTTP Request: POST https://gptlab.rd.tuni.fi/GPT-Lab/resources/GPU-farmi-001/v1/chat/completions "HTTP/1.1 200 OK"
2026-09-21 16:57:01,946 - WARNING - Attempt 3 failed: {'code': 2, 'level': 'error', 'type': 'Rule parse error', 'rule_id': 'var.folders.d5.5xvkptzs6cd9t_077gyhh1400000gr.T.vuln-maxkb-38c4cfec', 'message': 'Rule parse error in rule var.folders.d5.5xvkptzs6cd9t_077gyhh1400000gr.T.vuln-maxkb-38c4cfec:\n Invalid pattern for Python: Stdlib.Parsing.Parse_error\n----- pattern -----\n$import os\n$import json\n$import sys\n$import uuid\n$import subprocess\n$import secrets\n\n_id = str(uuid.uuid4())  # Generate a unique ID\n_exec_code = ...  # The vulnerable code block\n\ntry:\n    result = {{\'code\':200,\'msg\':\'success\',\'data\':subprocess.run(_exec_code, capture_output=True, text=True)}}\nexcept Exception as e:\n    result = {{\'code\':500,\'msg\':str(e),\'data\':None}}\n    \nsys.stdout.write("\\\\n" + _id)\njson.dump(result, sys.stdout, default=str)\nsys.stdout.write("\\\\n__END__\\\\n")\n\n----- end pattern -----\n'}
2026-09-21 16:57:07,733 - INFO - Cloning repository: ComposioHQ/composio
2026-09-21 16:57:17,753 - INFO - Cloning repository: ComposioHQ/composio
2026-09-21 16:58:26,885 - INFO - Found commit: ed82fb45dc9fbd7f07c535c72bada871c158ae5f
2026-09-21 16:58:29,623 - INFO - Attempt 1/3 for patch results/runs_pilot_rerun_fixed/magicoder_7b__autogrep_default/synthetic_patch_names/CASE-0002.patch
2026-09-21 16:58:32,595 - INFO - Found commit: ed82fb45dc9fbd7f07c535c72bada871c158ae5f
2026-09-21 16:58:35,606 - INFO - Attempt 1/3 for patch results/runs_pilot_rerun_fixed/deepseek-coder_6.7b__autogrep_default/synthetic_patch_names/CASE-0002.patch
2026-09-21 16:58:36,164 - INFO - HTTP Request: POST https://gptlab.rd.tuni.fi/GPT-Lab/resources/GPU-farmi-001/v1/chat/completions "HTTP/1.1 200 OK"
2026-09-21 16:58:39,700 - WARNING - Attempt 1 failed: Rule failed to detect vulnerability in original version
2026-09-21 16:58:39,700 - INFO - Attempt 2/3 for patch results/runs_pilot_rerun_fixed/magicoder_7b__autogrep_default/synthetic_patch_names/CASE-0002.patch
2026-09-21 16:58:42,001 - INFO - HTTP Request: POST https://gptlab.rd.tuni.fi/GPT-Lab/resources/GPU-farmi-004/v1/chat/completions "HTTP/1.1 200 OK"
2026-09-21 16:58:42,003 - ERROR - YAML parsing error: while scanning a simple key
  in "<unicode string>", line 20, column 1:
    This rule is based on the fact t ... 
    ^
could not find expected ':'
  in "<unicode string>", line 20, column 842:
     ... e CWE number and OWASP category.
                                         ^
2026-09-21 16:58:42,003 - ERROR - Failed to clean YAML text
2026-09-21 16:58:42,003 - INFO - Attempt 2/3 for patch results/runs_pilot_rerun_fixed/deepseek-coder_6.7b__autogrep_default/synthetic_patch_names/CASE-0002.patch
2026-09-21 16:58:45,687 - INFO - HTTP Request: POST https://gptlab.rd.tuni.fi/GPT-Lab/resources/GPU-farmi-001/v1/chat/completions "HTTP/1.1 200 OK"
2026-09-21 16:58:46,097 - INFO - HTTP Request: POST https://gptlab.rd.tuni.fi/GPT-Lab/resources/GPU-farmi-004/v1/chat/completions "HTTP/1.1 200 OK"
2026-09-21 16:58:47,748 - WARNING - Attempt 2 failed: {'code': 2, 'level': 'error', 'type': 'Rule parse error', 'rule_id': 'var.folders.d5.5xvkptzs6cd9t_077gyhh1400000gr.T.vuln-composio-ed82fb45', 'message': 'Rule parse error in rule var.folders.d5.5xvkptzs6cd9t_077gyhh1400000gr.T.vuln-composio-ed82fb45:\n Invalid pattern for Python: Stdlib.Parsing.Parse_error\n----- pattern -----\nfunction_call[name="eval"]\n\n----- end pattern -----\n'}
2026-09-21 16:58:47,748 - INFO - Attempt 3/3 for patch results/runs_pilot_rerun_fixed/magicoder_7b__autogrep_default/synthetic_patch_names/CASE-0002.patch
2026-09-21 16:58:50,070 - WARNING - Attempt 2 failed: Rule incorrectly detected vulnerability in fixed version
2026-09-21 16:58:50,070 - INFO - Attempt 3/3 for patch results/runs_pilot_rerun_fixed/deepseek-coder_6.7b__autogrep_default/synthetic_patch_names/CASE-0002.patch
2026-09-21 16:58:52,447 - INFO - HTTP Request: POST https://gptlab.rd.tuni.fi/GPT-Lab/resources/GPU-farmi-001/v1/chat/completions "HTTP/1.1 200 OK"
2026-09-21 16:58:54,220 - WARNING - Attempt 3 failed: {'code': 2, 'level': 'error', 'type': 'Rule parse error', 'rule_id': 'var.folders.d5.5xvkptzs6cd9t_077gyhh1400000gr.T.vuln-composio-ed82fb45', 'message': 'Rule parse error in rule var.folders.d5.5xvkptzs6cd9t_077gyhh1400000gr.T.vuln-composio-ed82fb45:\n Invalid pattern for Python: Stdlib.Parsing.Parse_error\n----- pattern -----\nfunction_call[name="eval"]\n\n----- end pattern -----\n'}
2026-09-21 16:58:54,263 - INFO - HTTP Request: POST https://gptlab.rd.tuni.fi/GPT-Lab/resources/GPU-farmi-004/v1/chat/completions "HTTP/1.1 200 OK"
2026-09-21 16:58:55,947 - WARNING - Attempt 3 failed: [{'pattern': 'ast.parse($EXPR, mode="eval").body', 'pattern-not': 'ast.parse("safe_expression", mode="eval").body'}] is not of type 'string'
2026-09-21 16:58:56,014 - ERROR - YAML parsing error: while scanning a simple key
  in "<unicode string>", line 20, column 1:
    This rule is based on the fact t ... 
    ^
could not find expected ':'
  in "<unicode string>", line 20, column 842:
     ... e CWE number and OWASP category.
                                         ^
2026-09-21 16:58:56,014 - ERROR - Failed to clean YAML text
2026-09-21 16:58:56,015 - ERROR - YAML parsing error: while scanning a simple key
  in "<unicode string>", line 20, column 1:
    This rule is based on the fact t ... 
    ^
could not find expected ':'
  in "<unicode string>", line 20, column 842:
     ... e CWE number and OWASP category.
                                         ^
2026-09-21 16:58:56,015 - ERROR - Failed to clean YAML text
2026-09-21 16:59:01,075 - INFO - Cloning repository: CyrilleB79/NVDA-Dev-Test-Toolbox
2026-09-21 16:59:03,064 - INFO - Found commit: 21a0544432b08971b5d18320e8256be12c610bea
2026-09-21 16:59:05,092 - INFO - Attempt 1/3 for patch results/runs_pilot_rerun_fixed/deepseek-coder_6.7b__autogrep_default/synthetic_patch_names/CASE-0003.patch
2026-09-21 16:59:10,501 - INFO - Cloning repository: CyrilleB79/NVDA-Dev-Test-Toolbox
2026-09-21 16:59:11,680 - INFO - Found commit: 21a0544432b08971b5d18320e8256be12c610bea
2026-09-21 16:59:12,984 - INFO - HTTP Request: POST https://gptlab.rd.tuni.fi/GPT-Lab/resources/GPU-farmi-004/v1/chat/completions "HTTP/1.1 200 OK"
2026-09-21 16:59:13,403 - INFO - Attempt 1/3 for patch results/runs_pilot_rerun_fixed/magicoder_7b__autogrep_default/synthetic_patch_names/CASE-0003.patch
2026-09-21 16:59:16,357 - WARNING - Attempt 1 failed: Rule incorrectly detected vulnerability in fixed version
2026-09-21 16:59:16,357 - INFO - Attempt 2/3 for patch results/runs_pilot_rerun_fixed/deepseek-coder_6.7b__autogrep_default/synthetic_patch_names/CASE-0003.patch
2026-09-21 16:59:19,172 - INFO - HTTP Request: POST https://gptlab.rd.tuni.fi/GPT-Lab/resources/GPU-farmi-001/v1/chat/completions "HTTP/1.1 200 OK"
2026-09-21 16:59:19,176 - ERROR - Invalid rule schema: Missing required fields: pattern
2026-09-21 16:59:19,177 - INFO - Attempt 2/3 for patch results/runs_pilot_rerun_fixed/magicoder_7b__autogrep_default/synthetic_patch_names/CASE-0003.patch
2026-09-21 16:59:20,299 - INFO - HTTP Request: POST https://gptlab.rd.tuni.fi/GPT-Lab/resources/GPU-farmi-004/v1/chat/completions "HTTP/1.1 200 OK"
2026-09-21 16:59:23,585 - WARNING - Attempt 2 failed: Rule incorrectly detected vulnerability in fixed version
2026-09-21 16:59:23,585 - INFO - Attempt 3/3 for patch results/runs_pilot_rerun_fixed/deepseek-coder_6.7b__autogrep_default/synthetic_patch_names/CASE-0003.patch
2026-09-21 16:59:27,405 - INFO - HTTP Request: POST https://gptlab.rd.tuni.fi/GPT-Lab/resources/GPU-farmi-004/v1/chat/completions "HTTP/1.1 200 OK"
2026-09-21 16:59:28,692 - INFO - HTTP Request: POST https://gptlab.rd.tuni.fi/GPT-Lab/resources/GPU-farmi-001/v1/chat/completions "HTTP/1.1 200 OK"
2026-09-21 16:59:30,721 - WARNING - Attempt 3 failed: Rule incorrectly detected vulnerability in fixed version
2026-09-21 16:59:32,020 - WARNING - Attempt 2 failed: Rule failed to detect vulnerability in original version
2026-09-21 16:59:32,020 - INFO - Attempt 3/3 for patch results/runs_pilot_rerun_fixed/magicoder_7b__autogrep_default/synthetic_patch_names/CASE-0003.patch
2026-09-21 16:59:40,381 - INFO - HTTP Request: POST https://gptlab.rd.tuni.fi/GPT-Lab/resources/GPU-farmi-001/v1/chat/completions "HTTP/1.1 200 OK"
2026-09-21 16:59:43,899 - WARNING - Attempt 3 failed: Rule failed to detect vulnerability in original version
2026-09-21 16:59:43,950 - ERROR - Invalid rule schema: Missing required fields: pattern
2026-09-21 16:59:43,951 - ERROR - Invalid rule schema: Missing required fields: pattern
2026-09-21 16:59:50,765 - INFO - Cloning repository: FederatedAI/FATE
2026-09-21 16:59:50,770 - INFO - Cloning repository: FederatedAI/FATE
2026-09-21 17:00:42,046 - INFO - Found commit: 6feccf6d752184a6f9365d56a76fe627983e7139
2026-09-21 17:00:44,121 - INFO - Attempt 1/3 for patch results/runs_pilot_rerun_fixed/deepseek-coder_6.7b__autogrep_default/synthetic_patch_names/CASE-0004.patch
2026-09-21 17:00:45,006 - INFO - Found commit: 6feccf6d752184a6f9365d56a76fe627983e7139
2026-09-21 17:00:47,448 - INFO - Attempt 1/3 for patch results/runs_pilot_rerun_fixed/magicoder_7b__autogrep_default/synthetic_patch_names/CASE-0004.patch
2026-09-21 17:00:51,027 - INFO - HTTP Request: POST https://gptlab.rd.tuni.fi/GPT-Lab/resources/GPU-farmi-004/v1/chat/completions "HTTP/1.1 200 OK"
2026-09-21 17:00:52,839 - WARNING - Attempt 1 failed: {'$FUNC(...)': '... self.transfer_inst.tree.remote($tree_nodes,'} is not of type 'string'
2026-09-21 17:00:52,839 - INFO - Attempt 2/3 for patch results/runs_pilot_rerun_fixed/deepseek-coder_6.7b__autogrep_default/synthetic_patch_names/CASE-0004.patch
2026-09-21 17:00:53,894 - INFO - HTTP Request: POST https://gptlab.rd.tuni.fi/GPT-Lab/resources/GPU-farmi-001/v1/chat/completions "HTTP/1.1 200 OK"
2026-09-21 17:00:56,465 - INFO - HTTP Request: POST https://gptlab.rd.tuni.fi/GPT-Lab/resources/GPU-farmi-004/v1/chat/completions "HTTP/1.1 200 OK"
2026-09-21 17:00:57,832 - INFO - Successfully generated valid rule for results/runs_pilot_rerun_fixed/magicoder_7b__autogrep_default/synthetic_patch_names/CASE-0004.patch
2026-09-21 17:00:58,128 - WARNING - Attempt 2 failed: {'$FUNC(...)': '... self.transfer_inst.tree.remote($tree_nodes, ...)'} is not of type 'string'
2026-09-21 17:00:58,128 - INFO - Attempt 3/3 for patch results/runs_pilot_rerun_fixed/deepseek-coder_6.7b__autogrep_default/synthetic_patch_names/CASE-0004.patch
2026-09-21 17:01:02,001 - INFO - HTTP Request: POST https://gptlab.rd.tuni.fi/GPT-Lab/resources/GPU-farmi-004/v1/chat/completions "HTTP/1.1 200 OK"
2026-09-21 17:01:03,793 - WARNING - Attempt 3 failed: {'$FUNC(...)': '... self.transfer_inst.tree.remote($tree_nodes, ...)'} is not of type 'string'
2026-09-21 17:01:18,705 - INFO - Cloning repository: inducer/relate
2026-09-21 17:01:21,564 - INFO - Cloning repository: inducer/relate
2026-09-21 17:01:22,775 - INFO - Found commit: 555f0efb1c5bd7531c07cd73724d7e566a81f620
2026-09-21 17:01:24,342 - INFO - Attempt 1/3 for patch results/runs_pilot_rerun_fixed/deepseek-coder_6.7b__autogrep_default/synthetic_patch_names/CASE-0005.patch
2026-09-21 17:01:24,785 - INFO - Found commit: 555f0efb1c5bd7531c07cd73724d7e566a81f620
2026-09-21 17:01:26,476 - INFO - Attempt 1/3 for patch results/runs_pilot_rerun_fixed/magicoder_7b__autogrep_default/synthetic_patch_names/CASE-0005.patch
2026-09-21 17:01:29,325 - INFO - HTTP Request: POST https://gptlab.rd.tuni.fi/GPT-Lab/resources/GPU-farmi-004/v1/chat/completions "HTTP/1.1 200 OK"
2026-09-21 17:01:32,202 - INFO - HTTP Request: POST https://gptlab.rd.tuni.fi/GPT-Lab/resources/GPU-farmi-001/v1/chat/completions "HTTP/1.1 200 OK"
2026-09-21 17:01:32,203 - WARNING - Attempt 1 failed: Rule failed to detect vulnerability in original version
2026-09-21 17:01:32,203 - INFO - Attempt 2/3 for patch results/runs_pilot_rerun_fixed/deepseek-coder_6.7b__autogrep_default/synthetic_patch_names/CASE-0005.patch
2026-09-21 17:01:32,205 - ERROR - Invalid rule schema: Invalid id format. Must contain only lowercase letters, numbers, and hyphens
2026-09-21 17:01:32,205 - INFO - Attempt 2/3 for patch results/runs_pilot_rerun_fixed/magicoder_7b__autogrep_default/synthetic_patch_names/CASE-0005.patch
2026-09-21 17:01:35,975 - INFO - HTTP Request: POST https://gptlab.rd.tuni.fi/GPT-Lab/resources/GPU-farmi-004/v1/chat/completions "HTTP/1.1 200 OK"
2026-09-21 17:01:39,023 - WARNING - Attempt 2 failed: Rule failed to detect vulnerability in original version
2026-09-21 17:01:39,023 - INFO - Attempt 3/3 for patch results/runs_pilot_rerun_fixed/deepseek-coder_6.7b__autogrep_default/synthetic_patch_names/CASE-0005.patch
2026-09-21 17:01:40,182 - INFO - HTTP Request: POST https://gptlab.rd.tuni.fi/GPT-Lab/resources/GPU-farmi-001/v1/chat/completions "HTTP/1.1 200 OK"
2026-09-21 17:01:40,188 - ERROR - Invalid rule schema: Invalid id format. Must contain only lowercase letters, numbers, and hyphens
2026-09-21 17:01:40,188 - INFO - Attempt 3/3 for patch results/runs_pilot_rerun_fixed/magicoder_7b__autogrep_default/synthetic_patch_names/CASE-0005.patch
2026-09-21 17:01:42,534 - INFO - HTTP Request: POST https://gptlab.rd.tuni.fi/GPT-Lab/resources/GPU-farmi-004/v1/chat/completions "HTTP/1.1 200 OK"
2026-09-21 17:01:45,666 - WARNING - Attempt 3 failed: Rule failed to detect vulnerability in original version
2026-09-21 17:01:48,852 - INFO - HTTP Request: POST https://gptlab.rd.tuni.fi/GPT-Lab/resources/GPU-farmi-001/v1/chat/completions "HTTP/1.1 200 OK"
2026-09-21 17:01:52,049 - INFO - Successfully generated valid rule for results/runs_pilot_rerun_fixed/magicoder_7b__autogrep_default/synthetic_patch_names/CASE-0005.patch
2026-09-21 17:01:52,102 - ERROR - Invalid rule schema: Invalid id format. Must contain only lowercase letters, numbers, and hyphens
2026-09-21 17:01:52,103 - ERROR - Invalid rule schema: Invalid id format. Must contain only lowercase letters, numbers, and hyphens
2026-09-21 17:01:52,104 - ERROR - Invalid rule schema: Invalid id format. Must contain only lowercase letters, numbers, and hyphens
2026-09-21 17:02:05,109 - INFO - Cloning repository: lintsinghua/DeepAudit
2026-09-21 17:02:05,109 - INFO - Cloning repository: lintsinghua/DeepAudit
2026-09-21 17:02:16,967 - INFO - Found commit: b2a3b26579d3fdbab5236ae12ed67ae2313175fd
2026-09-21 17:02:17,045 - INFO - Found commit: b2a3b26579d3fdbab5236ae12ed67ae2313175fd
2026-09-21 17:02:18,828 - INFO - Attempt 1/3 for patch results/runs_pilot_rerun_fixed/deepseek-coder_6.7b__autogrep_default/synthetic_patch_names/CASE-0006.patch
2026-09-21 17:02:18,847 - INFO - Attempt 1/3 for patch results/runs_pilot_rerun_fixed/magicoder_7b__autogrep_default/synthetic_patch_names/CASE-0006.patch
2026-09-21 17:02:23,474 - INFO - HTTP Request: POST https://gptlab.rd.tuni.fi/GPT-Lab/resources/GPU-farmi-004/v1/chat/completions "HTTP/1.1 200 OK"
2026-09-21 17:02:23,475 - ERROR - YAML parsing error: mapping values are not allowed here
  in "<unicode string>", line 3, column 22:
      pattern: $FUNC(...):
                         ^
2026-09-21 17:02:23,475 - ERROR - Failed to clean YAML text
2026-09-21 17:02:23,475 - INFO - Attempt 2/3 for patch results/runs_pilot_rerun_fixed/deepseek-coder_6.7b__autogrep_default/synthetic_patch_names/CASE-0006.patch
2026-09-21 17:02:25,809 - INFO - HTTP Request: POST https://gptlab.rd.tuni.fi/GPT-Lab/resources/GPU-farmi-001/v1/chat/completions "HTTP/1.1 200 OK"
2026-09-21 17:02:25,811 - ERROR - Invalid rule schema: Missing required fields: pattern
2026-09-21 17:02:25,811 - INFO - Attempt 2/3 for patch results/runs_pilot_rerun_fixed/magicoder_7b__autogrep_default/synthetic_patch_names/CASE-0006.patch
2026-09-21 17:02:26,785 - INFO - HTTP Request: POST https://gptlab.rd.tuni.fi/GPT-Lab/resources/GPU-farmi-004/v1/chat/completions "HTTP/1.1 200 OK"
2026-09-21 17:02:26,786 - ERROR - YAML parsing error: mapping values are not allowed here
  in "<unicode string>", line 3, column 22:
      pattern: $FUNC(...):
                         ^
2026-09-21 17:02:26,786 - ERROR - Failed to clean YAML text
2026-09-21 17:02:26,786 - INFO - Attempt 3/3 for patch results/runs_pilot_rerun_fixed/deepseek-coder_6.7b__autogrep_default/synthetic_patch_names/CASE-0006.patch
2026-09-21 17:02:30,253 - INFO - HTTP Request: POST https://gptlab.rd.tuni.fi/GPT-Lab/resources/GPU-farmi-004/v1/chat/completions "HTTP/1.1 200 OK"
2026-09-21 17:02:30,256 - ERROR - YAML parsing error: mapping values are not allowed here
  in "<unicode string>", line 3, column 22:
      pattern: $FUNC(...):
                         ^
2026-09-21 17:02:30,256 - ERROR - Failed to clean YAML text
2026-09-21 17:02:30,320 - ERROR - YAML parsing error: mapping values are not allowed here
  in "<unicode string>", line 3, column 22:
      pattern: $FUNC(...):
                         ^
2026-09-21 17:02:30,321 - ERROR - Failed to clean YAML text
2026-09-21 17:02:30,321 - ERROR - YAML parsing error: mapping values are not allowed here
  in "<unicode string>", line 3, column 22:
      pattern: $FUNC(...):
                         ^
2026-09-21 17:02:30,321 - ERROR - Failed to clean YAML text
2026-09-21 17:02:30,322 - ERROR - YAML parsing error: mapping values are not allowed here
  in "<unicode string>", line 3, column 22:
      pattern: $FUNC(...):
                         ^
2026-09-21 17:02:30,322 - ERROR - Failed to clean YAML text
2026-09-21 17:02:30,322 - ERROR - YAML parsing error: mapping values are not allowed here
  in "<unicode string>", line 3, column 22:
      pattern: $FUNC(...):
                         ^
2026-09-21 17:02:30,322 - ERROR - Failed to clean YAML text
2026-09-21 17:02:30,342 - INFO - Cloning repository: llamastack/llama-stack
2026-09-21 17:02:31,804 - INFO - HTTP Request: POST https://gptlab.rd.tuni.fi/GPT-Lab/resources/GPU-farmi-001/v1/chat/completions "HTTP/1.1 200 OK"
2026-09-21 17:02:34,728 - WARNING - Attempt 2 failed: Rule failed to detect vulnerability in original version
2026-09-21 17:02:34,728 - INFO - Attempt 3/3 for patch results/runs_pilot_rerun_fixed/magicoder_7b__autogrep_default/synthetic_patch_names/CASE-0006.patch
2026-09-21 17:02:38,977 - INFO - HTTP Request: POST https://gptlab.rd.tuni.fi/GPT-Lab/resources/GPU-farmi-001/v1/chat/completions "HTTP/1.1 200 OK"
2026-09-21 17:02:38,982 - ERROR - Invalid rule schema: Missing required fields: pattern
2026-09-21 17:02:39,036 - ERROR - Invalid rule schema: Missing required fields: pattern
2026-09-21 17:02:39,037 - ERROR - Invalid rule schema: Missing required fields: pattern
2026-09-21 17:02:42,030 - ERROR - Invalid rule schema: Missing required fields: pattern
2026-09-21 17:02:42,032 - INFO - Cloning repository: llamastack/llama-stack
2026-09-21 17:02:45,182 - INFO - Found commit: b709bd77b6c1fad68a30a4888baa6f2337eaef6f
2026-09-21 17:02:47,566 - INFO - Attempt 1/3 for patch results/runs_pilot_rerun_fixed/deepseek-coder_6.7b__autogrep_default/synthetic_patch_names/CASE-0007.patch
2026-09-21 17:02:52,057 - INFO - HTTP Request: POST https://gptlab.rd.tuni.fi/GPT-Lab/resources/GPU-farmi-004/v1/chat/completions "HTTP/1.1 200 OK"
2026-09-21 17:02:52,059 - ERROR - YAML parsing error: mapping values are not allowed here
  in "<unicode string>", line 3, column 71:
     ... ector memory adapter with config: {$CONFIG}")
                                         ^
2026-09-21 17:02:52,059 - ERROR - Failed to clean YAML text
2026-09-21 17:02:52,059 - INFO - Attempt 2/3 for patch results/runs_pilot_rerun_fixed/deepseek-coder_6.7b__autogrep_default/synthetic_patch_names/CASE-0007.patch
2026-09-21 17:02:55,840 - INFO - HTTP Request: POST https://gptlab.rd.tuni.fi/GPT-Lab/resources/GPU-farmi-004/v1/chat/completions "HTTP/1.1 200 OK"
2026-09-21 17:02:55,841 - ERROR - YAML parsing error: mapping values are not allowed here
  in "<unicode string>", line 3, column 71:
     ... ector memory adapter with config: {$CONFIG}")
                                         ^
2026-09-21 17:02:55,841 - ERROR - Failed to clean YAML text
2026-09-21 17:02:55,841 - INFO - Attempt 3/3 for patch results/runs_pilot_rerun_fixed/deepseek-coder_6.7b__autogrep_default/synthetic_patch_names/CASE-0007.patch
2026-09-21 17:02:58,115 - INFO - Found commit: b709bd77b6c1fad68a30a4888baa6f2337eaef6f
2026-09-21 17:02:59,643 - INFO - HTTP Request: POST https://gptlab.rd.tuni.fi/GPT-Lab/resources/GPU-farmi-004/v1/chat/completions "HTTP/1.1 200 OK"
2026-09-21 17:02:59,645 - ERROR - YAML parsing error: mapping values are not allowed here
  in "<unicode string>", line 3, column 71:
     ... ector memory adapter with config: {$CONFIG}")
                                         ^
2026-09-21 17:02:59,645 - ERROR - Failed to clean YAML text
2026-09-21 17:02:59,939 - ERROR - YAML parsing error: mapping values are not allowed here
  in "<unicode string>", line 3, column 71:
     ... ector memory adapter with config: {$CONFIG}")
                                         ^
2026-09-21 17:02:59,939 - ERROR - Failed to clean YAML text
2026-09-21 17:02:59,939 - ERROR - YAML parsing error: mapping values are not allowed here
  in "<unicode string>", line 3, column 71:
     ... ector memory adapter with config: {$CONFIG}")
                                         ^
2026-09-21 17:02:59,939 - ERROR - Failed to clean YAML text
2026-09-21 17:02:59,940 - ERROR - YAML parsing error: mapping values are not allowed here
  in "<unicode string>", line 3, column 71:
     ... ector memory adapter with config: {$CONFIG}")
                                         ^
2026-09-21 17:02:59,940 - ERROR - Failed to clean YAML text
2026-09-21 17:02:59,940 - ERROR - YAML parsing error: mapping values are not allowed here
  in "<unicode string>", line 3, column 71:
     ... ector memory adapter with config: {$CONFIG}")
                                         ^
2026-09-21 17:02:59,940 - ERROR - Failed to clean YAML text
2026-09-21 17:02:59,954 - INFO - Cloning repository: parisneo/lollms-webui
2026-09-21 17:03:00,503 - INFO - Attempt 1/3 for patch results/runs_pilot_rerun_fixed/magicoder_7b__autogrep_default/synthetic_patch_names/CASE-0007.patch
2026-09-21 17:03:08,477 - INFO - HTTP Request: POST https://gptlab.rd.tuni.fi/GPT-Lab/resources/GPU-farmi-001/v1/chat/completions "HTTP/1.1 200 OK"
2026-09-21 17:03:10,334 - WARNING - Attempt 1 failed: ['log.info(f"Initializing PGVector memory adapter with config: {self.config}")'] is not of type 'string'
2026-09-21 17:03:10,334 - INFO - Attempt 2/3 for patch results/runs_pilot_rerun_fixed/magicoder_7b__autogrep_default/synthetic_patch_names/CASE-0007.patch
2026-09-21 17:03:16,486 - INFO - HTTP Request: POST https://gptlab.rd.tuni.fi/GPT-Lab/resources/GPU-farmi-001/v1/chat/completions "HTTP/1.1 200 OK"
2026-09-21 17:03:19,546 - INFO - Successfully generated valid rule for results/runs_pilot_rerun_fixed/magicoder_7b__autogrep_default/synthetic_patch_names/CASE-0007.patch
2026-09-21 17:03:41,608 - INFO - Cloning repository: parisneo/lollms-webui
2026-09-21 17:04:13,536 - INFO - Found commit: 6d07c8a0dd0a15cc060becc73fda9fe8e788eb23
2026-09-21 17:04:15,993 - INFO - Attempt 1/3 for patch results/runs_pilot_rerun_fixed/deepseek-coder_6.7b__autogrep_default/synthetic_patch_names/CASE-0008.patch
2026-09-21 17:04:21,766 - INFO - HTTP Request: POST https://gptlab.rd.tuni.fi/GPT-Lab/resources/GPU-farmi-004/v1/chat/completions "HTTP/1.1 200 OK"
2026-09-21 17:04:23,324 - WARNING - Attempt 1 failed: [{'metavariable-pattern': [{'metavariable-pattern': [{'metavariable-pattern': [{'pattern': '$VAR'}], 'pattern': '$VAR'}], 'pattern': '$VAR'}], 'pattern': 'sanitize_path($VAR)'}] is not of type 'string'
2026-09-21 17:04:23,324 - INFO - Attempt 2/3 for patch results/runs_pilot_rerun_fixed/deepseek-coder_6.7b__autogrep_default/synthetic_patch_names/CASE-0008.patch
2026-09-21 17:04:27,237 - INFO - HTTP Request: POST https://gptlab.rd.tuni.fi/GPT-Lab/resources/GPU-farmi-004/v1/chat/completions "HTTP/1.1 200 OK"
2026-09-21 17:04:28,769 - WARNING - Attempt 2 failed: [{'metavariable-pattern': {'metavariable-pattern': {'pattern': '$VAR'}, 'pattern': '$VAR'}, 'pattern': 'sanitize_path($VAR)'}, {'metavariable-pattern': {'metavariable-pattern': {'pattern': '$VAR'}, 'pattern': '$VAR'}, 'pattern': 'sanitize_path($VAR)'}, {'metavariable-pattern': {'metavariable-pattern': {'pattern': '$VAR'}, 'pattern': '$VAR'}, 'pattern': 'sanitize_path($VAR)'}] is not of type 'string'
2026-09-21 17:04:28,769 - INFO - Attempt 3/3 for patch results/runs_pilot_rerun_fixed/deepseek-coder_6.7b__autogrep_default/synthetic_patch_names/CASE-0008.patch
2026-09-21 17:04:33,000 - INFO - HTTP Request: POST https://gptlab.rd.tuni.fi/GPT-Lab/resources/GPU-farmi-004/v1/chat/completions "HTTP/1.1 200 OK"
2026-09-21 17:04:34,594 - WARNING - Attempt 3 failed: [{'metavariable-pattern': {'metavariable': '$VAR', 'pattern': 'app_name|asset_type|file_name'}, 'pattern': 'sanitize_path($VAR)'}, {'metavariable-pattern': {'metavariable': '$VAR', 'pattern': 'app_name|asset_type|file_name'}, 'pattern': 'sanitize_path($VAR)'}] is not of type 'string'
2026-09-21 17:04:42,499 - INFO - Found commit: 6d07c8a0dd0a15cc060becc73fda9fe8e788eb23
2026-09-21 17:04:44,984 - INFO - Attempt 1/3 for patch results/runs_pilot_rerun_fixed/magicoder_7b__autogrep_default/synthetic_patch_names/CASE-0008.patch
2026-09-21 17:04:49,072 - INFO - Cloning repository: scottcwang/openssh_key_parser
2026-09-21 17:04:50,129 - INFO - Found commit: 26e0a471e9fdb23e635bc3014cf4cbd2323a08d3
2026-09-21 17:04:51,261 - INFO - HTTP Request: POST https://gptlab.rd.tuni.fi/GPT-Lab/resources/GPU-farmi-001/v1/chat/completions "HTTP/1.1 200 OK"
2026-09-21 17:04:51,945 - INFO - Attempt 1/3 for patch results/runs_pilot_rerun_fixed/deepseek-coder_6.7b__autogrep_default/synthetic_patch_names/CASE-0009.patch
2026-09-21 17:04:53,265 - WARNING - Attempt 1 failed: {'code': 2, 'level': 'error', 'type': 'Rule parse error', 'rule_id': 'var.folders.d5.5xvkptzs6cd9t_077gyhh1400000gr.T.vuln-lollms-webui-6d07c8a0', 'message': 'Rule parse error in rule var.folders.d5.5xvkptzs6cd9t_077gyhh1400000gr.T.vuln-lollms-webui-6d07c8a0:\n Invalid pattern for Python: `$_GET\' is neither a valid identifier in Python nor a valid meta-variable\n----- pattern -----\n$DATA = $_GET[\'unvalidated_input\'];\nexecute("SELECT * FROM table WHERE column = \'$DATA\'");\n\n----- end pattern -----\n'}
2026-09-21 17:04:53,265 - INFO - Attempt 2/3 for patch results/runs_pilot_rerun_fixed/magicoder_7b__autogrep_default/synthetic_patch_names/CASE-0008.patch
2026-09-21 17:04:57,392 - INFO - HTTP Request: POST https://gptlab.rd.tuni.fi/GPT-Lab/resources/GPU-farmi-004/v1/chat/completions "HTTP/1.1 200 OK"
2026-09-21 17:04:57,394 - ERROR - YAML parsing error: while scanning a simple key
  in "<unicode string>", line 5, column 3:
      'num_bytes' bytes remaining in t ... 
      ^
could not find expected ':'
  in "<unicode string>", line 6, column 3:
      languages: ["python"]
      ^
2026-09-21 17:04:57,394 - ERROR - Failed to clean YAML text
2026-09-21 17:04:57,394 - INFO - Attempt 2/3 for patch results/runs_pilot_rerun_fixed/deepseek-coder_6.7b__autogrep_default/synthetic_patch_names/CASE-0009.patch
2026-09-21 17:04:57,958 - INFO - HTTP Request: POST https://gptlab.rd.tuni.fi/GPT-Lab/resources/GPU-farmi-001/v1/chat/completions "HTTP/1.1 200 OK"
2026-09-21 17:04:59,746 - WARNING - Attempt 2 failed: {'code': 2, 'level': 'error', 'type': 'Rule parse error', 'rule_id': 'var.folders.d5.5xvkptzs6cd9t_077gyhh1400000gr.T.vuln-lollms-webui-6d07c8a0', 'message': 'Rule parse error in rule var.folders.d5.5xvkptzs6cd9t_077gyhh1400000gr.T.vuln-lollms-webui-6d07c8a0:\n Invalid pattern for Python: `$_GET\' is neither a valid identifier in Python nor a valid meta-variable\n----- pattern -----\n$DATA = $_GET[\'unvalidated_input\'];\nexecute("SELECT * FROM table WHERE column = \'$DATA\'");\n\n----- end pattern -----\n'}
2026-09-21 17:04:59,747 - INFO - Attempt 3/3 for patch results/runs_pilot_rerun_fixed/magicoder_7b__autogrep_default/synthetic_patch_names/CASE-0008.patch
2026-09-21 17:05:01,399 - INFO - HTTP Request: POST https://gptlab.rd.tuni.fi/GPT-Lab/resources/GPU-farmi-004/v1/chat/completions "HTTP/1.1 200 OK"
2026-09-21 17:05:01,404 - ERROR - YAML parsing error: while scanning a simple key
  in "<unicode string>", line 5, column 3:
      'num_bytes' bytes remaining in t ... 
      ^
could not find expected ':'
  in "<unicode string>", line 6, column 3:
      languages: ["python"]
      ^
2026-09-21 17:05:01,405 - ERROR - Failed to clean YAML text
2026-09-21 17:05:01,405 - INFO - Attempt 3/3 for patch results/runs_pilot_rerun_fixed/deepseek-coder_6.7b__autogrep_default/synthetic_patch_names/CASE-0009.patch
2026-09-21 17:05:04,986 - INFO - HTTP Request: POST https://gptlab.rd.tuni.fi/GPT-Lab/resources/GPU-farmi-004/v1/chat/completions "HTTP/1.1 200 OK"
2026-09-21 17:05:04,990 - ERROR - YAML parsing error: while scanning a simple key
  in "<unicode string>", line 5, column 3:
      'num_bytes' bytes remaining in t ... 
      ^
could not find expected ':'
  in "<unicode string>", line 6, column 3:
      languages: ["python"]
      ^
2026-09-21 17:05:04,990 - ERROR - Failed to clean YAML text
2026-09-21 17:05:05,074 - ERROR - YAML parsing error: while scanning a simple key
  in "<unicode string>", line 5, column 3:
      'num_bytes' bytes remaining in t ... 
      ^
could not find expected ':'
  in "<unicode string>", line 6, column 3:
      languages: ["python"]
      ^
2026-09-21 17:05:05,074 - ERROR - Failed to clean YAML text
2026-09-21 17:05:05,074 - ERROR - YAML parsing error: while scanning a simple key
  in "<unicode string>", line 5, column 3:
      'num_bytes' bytes remaining in t ... 
      ^
could not find expected ':'
  in "<unicode string>", line 6, column 3:
      languages: ["python"]
      ^
2026-09-21 17:05:05,074 - ERROR - Failed to clean YAML text
2026-09-21 17:05:05,075 - ERROR - YAML parsing error: while scanning a simple key
  in "<unicode string>", line 5, column 3:
      'num_bytes' bytes remaining in t ... 
      ^
could not find expected ':'
  in "<unicode string>", line 6, column 3:
      languages: ["python"]
      ^
2026-09-21 17:05:05,075 - ERROR - Failed to clean YAML text
2026-09-21 17:05:05,076 - ERROR - YAML parsing error: while scanning a simple key
  in "<unicode string>", line 5, column 3:
      'num_bytes' bytes remaining in t ... 
      ^
could not find expected ':'
  in "<unicode string>", line 6, column 3:
      languages: ["python"]
      ^
2026-09-21 17:05:05,076 - ERROR - Failed to clean YAML text
2026-09-21 17:05:05,116 - INFO - Cloning repository: projectdiscovery/interactsh
2026-09-21 17:05:05,638 - INFO - HTTP Request: POST https://gptlab.rd.tuni.fi/GPT-Lab/resources/GPU-farmi-001/v1/chat/completions "HTTP/1.1 200 OK"
2026-09-21 17:05:06,774 - INFO - Found commit: 6a0cb98b16636a98712729f3d23e34d8bf7260e7
2026-09-21 17:05:07,428 - WARNING - Attempt 3 failed: {'code': 2, 'level': 'error', 'type': 'Rule parse error', 'rule_id': 'var.folders.d5.5xvkptzs6cd9t_077gyhh1400000gr.T.vuln-lollms-webui-6d07c8a0', 'message': 'Rule parse error in rule var.folders.d5.5xvkptzs6cd9t_077gyhh1400000gr.T.vuln-lollms-webui-6d07c8a0:\n Invalid pattern for Python: `$_GET\' is neither a valid identifier in Python nor a valid meta-variable\n----- pattern -----\n$DATA = $_GET[\'unvalidated_input\'];\nexecute("SELECT * FROM table WHERE column = \'$DATA\'");\n\n----- end pattern -----\n'}
2026-09-21 17:05:08,372 - INFO - Attempt 1/3 for patch results/runs_pilot_rerun_fixed/deepseek-coder_6.7b__autogrep_default/synthetic_patch_names/CASE-0010.patch
2026-09-21 17:05:13,686 - INFO - HTTP Request: POST https://gptlab.rd.tuni.fi/GPT-Lab/resources/GPU-farmi-004/v1/chat/completions "HTTP/1.1 200 OK"
2026-09-21 17:05:15,191 - WARNING - Attempt 1 failed: [{'pattern': 'def configure_shares(server):\n    $SHARES = ["IPC$", "ADMIN$", "C$", "PRINT$", "FAX$", "NETLOGON", "SYSVOL"]\n    for share in $SHARES:\n        server.removeShare(share)\n'}, {'pattern-not': 'server.addShare("interactsh", "/interactsh")\n'}] is not of type 'string'
2026-09-21 17:05:15,191 - INFO - Attempt 2/3 for patch results/runs_pilot_rerun_fixed/deepseek-coder_6.7b__autogrep_default/synthetic_patch_names/CASE-0010.patch
2026-09-21 17:05:18,588 - INFO - HTTP Request: POST https://gptlab.rd.tuni.fi/GPT-Lab/resources/GPU-farmi-004/v1/chat/completions "HTTP/1.1 200 OK"
2026-09-21 17:05:21,213 - INFO - Cloning repository: scottcwang/openssh_key_parser
2026-09-21 17:05:21,694 - WARNING - Attempt 2 failed: Rule failed to detect vulnerability in original version
2026-09-21 17:05:21,694 - INFO - Attempt 3/3 for patch results/runs_pilot_rerun_fixed/deepseek-coder_6.7b__autogrep_default/synthetic_patch_names/CASE-0010.patch
2026-09-21 17:05:22,311 - INFO - Found commit: 26e0a471e9fdb23e635bc3014cf4cbd2323a08d3
2026-09-21 17:05:23,833 - INFO - Attempt 1/3 for patch results/runs_pilot_rerun_fixed/magicoder_7b__autogrep_default/synthetic_patch_names/CASE-0009.patch
2026-09-21 17:05:26,109 - INFO - HTTP Request: POST https://gptlab.rd.tuni.fi/GPT-Lab/resources/GPU-farmi-004/v1/chat/completions "HTTP/1.1 200 OK"
2026-09-21 17:05:27,675 - WARNING - Attempt 3 failed: [{'pattern': 'def configure_shares(server):\n    $SHARES = ["IPC$", "ADMIN$", "C$", "PRINT$", "FAX$", "NETLOGON", "SYSVOL"]\n    for share in $SHARES:\n        server.removeShare(share)\n'}, {'pattern-not': 'def configure_shares(server):\n    shares = ["IPC$", "ADMIN$", "C$", "PRINT$", "FAX$", "NETLOGON", "SYSVOL"]\n    for share in shares:\n        server.removeShare(share)\n'}] is not of type 'string'
2026-09-21 17:05:30,334 - INFO - HTTP Request: POST https://gptlab.rd.tuni.fi/GPT-Lab/resources/GPU-farmi-001/v1/chat/completions "HTTP/1.1 200 OK"
2026-09-21 17:05:33,482 - WARNING - Attempt 1 failed: Rule failed to detect vulnerability in original version
2026-09-21 17:05:33,482 - INFO - Attempt 2/3 for patch results/runs_pilot_rerun_fixed/magicoder_7b__autogrep_default/synthetic_patch_names/CASE-0009.patch
2026-09-21 17:05:39,557 - INFO - HTTP Request: POST https://gptlab.rd.tuni.fi/GPT-Lab/resources/GPU-farmi-001/v1/chat/completions "HTTP/1.1 200 OK"
2026-09-21 17:05:39,569 - ERROR - Invalid rule schema: Missing required fields: pattern, message
2026-09-21 17:05:39,570 - INFO - Attempt 3/3 for patch results/runs_pilot_rerun_fixed/magicoder_7b__autogrep_default/synthetic_patch_names/CASE-0009.patch
2026-09-21 17:05:43,124 - INFO - Cloning repository: FasterXML/jackson-databind
2026-09-21 17:05:43,990 - INFO - HTTP Request: POST https://gptlab.rd.tuni.fi/GPT-Lab/resources/GPU-farmi-001/v1/chat/completions "HTTP/1.1 200 OK"
2026-09-21 17:05:43,995 - ERROR - Invalid rule schema: Missing required fields: pattern
2026-09-21 17:05:56,038 - ERROR - Invalid rule schema: Missing required fields: pattern, message
2026-09-21 17:05:56,039 - ERROR - Invalid rule schema: Missing required fields: pattern
2026-09-21 17:05:56,043 - INFO - Cloning repository: projectdiscovery/interactsh
2026-09-21 17:05:57,087 - INFO - Found commit: 3d97153944f7de9c19c1b3637b33d3cf1fbbe4d7
2026-09-21 17:05:57,938 - INFO - Found commit: 6a0cb98b16636a98712729f3d23e34d8bf7260e7
2026-09-21 17:05:58,771 - INFO - Attempt 1/3 for patch results/runs_pilot_rerun_fixed/deepseek-coder_6.7b__autogrep_default/synthetic_patch_names/CASE-0011.patch
2026-09-21 17:05:59,415 - INFO - Attempt 1/3 for patch results/runs_pilot_rerun_fixed/magicoder_7b__autogrep_default/synthetic_patch_names/CASE-0010.patch
2026-09-21 17:06:04,396 - INFO - HTTP Request: POST https://gptlab.rd.tuni.fi/GPT-Lab/resources/GPU-farmi-004/v1/chat/completions "HTTP/1.1 200 OK"
2026-09-21 17:06:06,494 - INFO - HTTP Request: POST https://gptlab.rd.tuni.fi/GPT-Lab/resources/GPU-farmi-001/v1/chat/completions "HTTP/1.1 200 OK"
2026-09-21 17:06:07,763 - WARNING - Attempt 1 failed: Rule failed to detect vulnerability in original version
2026-09-21 17:06:07,763 - INFO - Attempt 2/3 for patch results/runs_pilot_rerun_fixed/deepseek-coder_6.7b__autogrep_default/synthetic_patch_names/CASE-0011.patch
2026-09-21 17:06:08,146 - WARNING - Attempt 1 failed: {'code': 2, 'level': 'error', 'type': 'Rule parse error', 'rule_id': 'var.folders.d5.5xvkptzs6cd9t_077gyhh1400000gr.T.vuln-interactsh-6a0cb98b', 'message': 'Rule parse error in rule var.folders.d5.5xvkptzs6cd9t_077gyhh1400000gr.T.vuln-interactsh-6a0cb98b:\n Invalid pattern for Python: `$server\' is neither a valid identifier in Python nor a valid meta-variable\n----- pattern -----\n$server.addShare("interactsh", "/interactsh")\n\n----- end pattern -----\n'}
2026-09-21 17:06:08,146 - INFO - Attempt 2/3 for patch results/runs_pilot_rerun_fixed/magicoder_7b__autogrep_default/synthetic_patch_names/CASE-0010.patch
2026-09-21 17:06:12,076 - INFO - HTTP Request: POST https://gptlab.rd.tuni.fi/GPT-Lab/resources/GPU-farmi-004/v1/chat/completions "HTTP/1.1 200 OK"
2026-09-21 17:06:14,690 - INFO - HTTP Request: POST https://gptlab.rd.tuni.fi/GPT-Lab/resources/GPU-farmi-001/v1/chat/completions "HTTP/1.1 200 OK"
2026-09-21 17:06:15,254 - WARNING - Attempt 2 failed: Rule failed to detect vulnerability in original version
2026-09-21 17:06:15,254 - INFO - Attempt 3/3 for patch results/runs_pilot_rerun_fixed/deepseek-coder_6.7b__autogrep_default/synthetic_patch_names/CASE-0011.patch
2026-09-21 17:06:16,344 - WARNING - Attempt 2 failed: {'code': 2, 'level': 'error', 'type': 'Rule parse error', 'rule_id': 'var.folders.d5.5xvkptzs6cd9t_077gyhh1400000gr.T.vuln-interactsh-6a0cb98b', 'message': 'Rule parse error in rule var.folders.d5.5xvkptzs6cd9t_077gyhh1400000gr.T.vuln-interactsh-6a0cb98b:\n Invalid pattern for Python: `$server\' is neither a valid identifier in Python nor a valid meta-variable\n----- pattern -----\n$server.addShare("interactsh", "/interactsh")\n\n----- end pattern -----\n'}
2026-09-21 17:06:16,344 - INFO - Attempt 3/3 for patch results/runs_pilot_rerun_fixed/magicoder_7b__autogrep_default/synthetic_patch_names/CASE-0010.patch
2026-09-21 17:06:19,530 - INFO - HTTP Request: POST https://gptlab.rd.tuni.fi/GPT-Lab/resources/GPU-farmi-004/v1/chat/completions "HTTP/1.1 200 OK"
2026-09-21 17:06:22,705 - INFO - HTTP Request: POST https://gptlab.rd.tuni.fi/GPT-Lab/resources/GPU-farmi-001/v1/chat/completions "HTTP/1.1 200 OK"
2026-09-21 17:06:22,842 - WARNING - Attempt 3 failed: Rule failed to detect vulnerability in original version
2026-09-21 17:06:24,575 - WARNING - Attempt 3 failed: {'code': 2, 'level': 'error', 'type': 'Rule parse error', 'rule_id': 'var.folders.d5.5xvkptzs6cd9t_077gyhh1400000gr.T.vuln-interactsh-6a0cb98b', 'message': 'Rule parse error in rule var.folders.d5.5xvkptzs6cd9t_077gyhh1400000gr.T.vuln-interactsh-6a0cb98b:\n Invalid pattern for Python: `$server\' is neither a valid identifier in Python nor a valid meta-variable\n----- pattern -----\n$server.addShare("interactsh", "/interactsh")\n\n----- end pattern -----\n'}
2026-09-21 17:06:42,646 - INFO - Cloning repository: HtmlUnit/htmlunit
2026-09-21 17:06:44,349 - INFO - Cloning repository: FasterXML/jackson-databind
2026-09-21 17:07:03,623 - INFO - Found commit: 3d97153944f7de9c19c1b3637b33d3cf1fbbe4d7
2026-09-21 17:07:05,593 - INFO - Attempt 1/3 for patch results/runs_pilot_rerun_fixed/magicoder_7b__autogrep_default/synthetic_patch_names/CASE-0011.patch
2026-09-21 17:07:12,186 - INFO - HTTP Request: POST https://gptlab.rd.tuni.fi/GPT-Lab/resources/GPU-farmi-001/v1/chat/completions "HTTP/1.1 200 OK"
2026-09-21 17:07:13,938 - WARNING - Attempt 1 failed: {'code': 2, 'level': 'error', 'type': 'Rule parse error', 'rule_id': 'var.folders.d5.5xvkptzs6cd9t_077gyhh1400000gr.T.vuln-jackson-databind-3d971539', 'message': 'Rule parse error in rule var.folders.d5.5xvkptzs6cd9t_077gyhh1400000gr.T.vuln-jackson-databind-3d971539:\n Invalid pattern for Java: Stdlib.Parsing.Parse_error\n----- pattern -----\n$CLASS.newInstance(\n  [\n    "br.com.anteros.dbcp.AnterosDBCPDataSource",\n    "com.fasterxml.jackson.databind.ObjectMapper",\n    ...\n  ]\n)\n\n----- end pattern -----\n'}
2026-09-21 17:07:13,939 - INFO - Attempt 2/3 for patch results/runs_pilot_rerun_fixed/magicoder_7b__autogrep_default/synthetic_patch_names/CASE-0011.patch
2026-09-21 17:07:19,230 - INFO - HTTP Request: POST https://gptlab.rd.tuni.fi/GPT-Lab/resources/GPU-farmi-001/v1/chat/completions "HTTP/1.1 200 OK"
2026-09-21 17:07:20,644 - INFO - Found commit: 940dc7fd8af9f46ca448c1e548b8f6d064a64290
2026-09-21 17:07:22,603 - WARNING - Attempt 2 failed: Rule failed to detect vulnerability in original version
2026-09-21 17:07:22,603 - INFO - Attempt 3/3 for patch results/runs_pilot_rerun_fixed/magicoder_7b__autogrep_default/synthetic_patch_names/CASE-0011.patch
2026-09-21 17:07:24,090 - INFO - Attempt 1/3 for patch results/runs_pilot_rerun_fixed/deepseek-coder_6.7b__autogrep_default/synthetic_patch_names/CASE-0012.patch
2026-09-21 17:07:28,579 - INFO - HTTP Request: POST https://gptlab.rd.tuni.fi/GPT-Lab/resources/GPU-farmi-001/v1/chat/completions "HTTP/1.1 200 OK"
2026-09-21 17:07:30,041 - INFO - HTTP Request: POST https://gptlab.rd.tuni.fi/GPT-Lab/resources/GPU-farmi-004/v1/chat/completions "HTTP/1.1 200 OK"
2026-09-21 17:07:31,671 - WARNING - Attempt 3 failed: Rule failed to detect vulnerability in original version
2026-09-21 17:07:31,967 - WARNING - Attempt 1 failed: {'code': 2, 'level': 'error', 'type': 'Rule parse error', 'rule_id': 'var.folders.d5.5xvkptzs6cd9t_077gyhh1400000gr.T.vuln-htmlunit-940dc7fd', 'message': 'Rule parse error in rule var.folders.d5.5xvkptzs6cd9t_077gyhh1400000gr.T.vuln-htmlunit-940dc7fd:\n Invalid pattern for Java: Stdlib.Parsing.Parse_error\n----- pattern -----\n$parent = startingNode.getParentNode();\nwhile $parent != null && $parent != DomNode.this {\n  $next = $parent.getNextSibling();\n  while $next != null && !isAccepted($next) {\n    $next = $next.getNextSibling();\n  }\n  if $next != null {\n    return $next;\n  }\n  $parent = $parent.getParentNode();\n}\n\n----- end pattern -----\n'}
2026-09-21 17:07:31,967 - INFO - Attempt 2/3 for patch results/runs_pilot_rerun_fixed/deepseek-coder_6.7b__autogrep_default/synthetic_patch_names/CASE-0012.patch
2026-09-21 17:07:36,208 - INFO - HTTP Request: POST https://gptlab.rd.tuni.fi/GPT-Lab/resources/GPU-farmi-004/v1/chat/completions "HTTP/1.1 200 OK"
2026-09-21 17:07:37,898 - WARNING - Attempt 2 failed: {'code': 2, 'level': 'error', 'type': 'Rule parse error', 'rule_id': 'var.folders.d5.5xvkptzs6cd9t_077gyhh1400000gr.T.vuln-htmlunit-940dc7fd', 'message': 'Rule parse error in rule var.folders.d5.5xvkptzs6cd9t_077gyhh1400000gr.T.vuln-htmlunit-940dc7fd:\n Invalid pattern for Java: Stdlib.Parsing.Parse_error\n----- pattern -----\n$parent = startingNode.getParentNode(); while $parent != null && $parent != DomNode.this { $next = $parent.getNextSibling(); while $next != null && !isAccepted($next) { $next = $next.getNextSibling(); } if $next != null { return $next; } $parent = $parent.getParentNode(); }\n----- end pattern -----\n'}
2026-09-21 17:07:37,899 - INFO - Attempt 3/3 for patch results/runs_pilot_rerun_fixed/deepseek-coder_6.7b__autogrep_default/synthetic_patch_names/CASE-0012.patch
2026-09-21 17:07:41,435 - INFO - HTTP Request: POST https://gptlab.rd.tuni.fi/GPT-Lab/resources/GPU-farmi-004/v1/chat/completions "HTTP/1.1 200 OK"
2026-09-21 17:07:43,070 - WARNING - Attempt 3 failed: {'code': 2, 'level': 'error', 'type': 'Rule parse error', 'rule_id': 'var.folders.d5.5xvkptzs6cd9t_077gyhh1400000gr.T.vuln-htmlunit-940dc7fd', 'message': 'Rule parse error in rule var.folders.d5.5xvkptzs6cd9t_077gyhh1400000gr.T.vuln-htmlunit-940dc7fd:\n Invalid pattern for Java: Stdlib.Parsing.Parse_error\n----- pattern -----\n$parent = startingNode.getParentNode(); while $parent != null && $parent != DomNode.this { $next = $parent.getNextSibling(); while $next != null && !isAccepted($next) { $next = $next.getNextSibling(); } if $next != null { return $next; } $parent = $parent.getParentNode(); }\n----- end pattern -----\n'}
2026-09-21 17:07:48,578 - INFO - Cloning repository: HtmlUnit/htmlunit
2026-09-21 17:07:56,999 - INFO - Cloning repository: KnowageLabs/Knowage-Server
2026-09-21 17:08:34,276 - INFO - Found commit: 940dc7fd8af9f46ca448c1e548b8f6d064a64290
2026-09-21 17:08:37,060 - INFO - Attempt 1/3 for patch results/runs_pilot_rerun_fixed/magicoder_7b__autogrep_default/synthetic_patch_names/CASE-0012.patch
2026-09-21 17:08:44,453 - INFO - HTTP Request: POST https://gptlab.rd.tuni.fi/GPT-Lab/resources/GPU-farmi-001/v1/chat/completions "HTTP/1.1 200 OK"
2026-09-21 17:08:47,933 - WARNING - Attempt 1 failed: Rule failed to detect vulnerability in original version
2026-09-21 17:08:47,933 - INFO - Attempt 2/3 for patch results/runs_pilot_rerun_fixed/magicoder_7b__autogrep_default/synthetic_patch_names/CASE-0012.patch
2026-09-21 17:08:53,031 - INFO - HTTP Request: POST https://gptlab.rd.tuni.fi/GPT-Lab/resources/GPU-farmi-001/v1/chat/completions "HTTP/1.1 200 OK"
2026-09-21 17:08:56,187 - WARNING - Attempt 2 failed: Rule failed to detect vulnerability in original version
2026-09-21 17:08:56,187 - INFO - Attempt 3/3 for patch results/runs_pilot_rerun_fixed/magicoder_7b__autogrep_default/synthetic_patch_names/CASE-0012.patch
2026-09-21 17:09:01,721 - INFO - Found commit: f7d0362f737e1b0db1cc9cc95b1236d62d83dd0c
2026-09-21 17:09:02,169 - INFO - HTTP Request: POST https://gptlab.rd.tuni.fi/GPT-Lab/resources/GPU-farmi-001/v1/chat/completions "HTTP/1.1 200 OK"
2026-09-21 17:09:06,660 - INFO - Attempt 1/3 for patch results/runs_pilot_rerun_fixed/deepseek-coder_6.7b__autogrep_default/synthetic_patch_names/CASE-0013.patch
2026-09-21 17:09:08,267 - WARNING - Attempt 3 failed: Rule failed to detect vulnerability in original version
2026-09-21 17:09:13,203 - INFO - HTTP Request: POST https://gptlab.rd.tuni.fi/GPT-Lab/resources/GPU-farmi-004/v1/chat/completions "HTTP/1.1 200 OK"
2026-09-21 17:09:15,057 - WARNING - Attempt 1 failed: {'code': 2, 'level': 'error', 'type': 'Rule parse error', 'rule_id': 'var.folders.d5.5xvkptzs6cd9t_077gyhh1400000gr.T.vuln-knowage-server-f7d0362f', 'message': "Rule parse error in rule var.folders.d5.5xvkptzs6cd9t_077gyhh1400000gr.T.vuln-knowage-server-f7d0362f:\n Invalid pattern for Java: `$IDataSource' is neither a valid identifier in Java nor a valid meta-variable\n----- pattern -----\n$CLASS.checkJNDIName($IDataSource)\n----- end pattern -----\n"}
2026-09-21 17:09:15,057 - INFO - Attempt 2/3 for patch results/runs_pilot_rerun_fixed/deepseek-coder_6.7b__autogrep_default/synthetic_patch_names/CASE-0013.patch
2026-09-21 17:09:19,523 - INFO - HTTP Request: POST https://gptlab.rd.tuni.fi/GPT-Lab/resources/GPU-farmi-004/v1/chat/completions "HTTP/1.1 200 OK"
2026-09-21 17:09:21,254 - WARNING - Attempt 2 failed: {'code': 2, 'level': 'error', 'type': 'Rule parse error', 'rule_id': 'var.folders.d5.5xvkptzs6cd9t_077gyhh1400000gr.T.vuln-knowage-server-f7d0362f', 'message': "Rule parse error in rule var.folders.d5.5xvkptzs6cd9t_077gyhh1400000gr.T.vuln-knowage-server-f7d0362f:\n Invalid pattern for Java: `$IDataSource' is neither a valid identifier in Java nor a valid meta-variable\n----- pattern -----\n$CLASS.checkJNDIName($IDataSource)\n----- end pattern -----\n"}
2026-09-21 17:09:21,254 - INFO - Attempt 3/3 for patch results/runs_pilot_rerun_fixed/deepseek-coder_6.7b__autogrep_default/synthetic_patch_names/CASE-0013.patch
2026-09-21 17:09:25,537 - INFO - HTTP Request: POST https://gptlab.rd.tuni.fi/GPT-Lab/resources/GPU-farmi-004/v1/chat/completions "HTTP/1.1 200 OK"
2026-09-21 17:09:27,315 - WARNING - Attempt 3 failed: {'code': 2, 'level': 'error', 'type': 'Rule parse error', 'rule_id': 'var.folders.d5.5xvkptzs6cd9t_077gyhh1400000gr.T.vuln-knowage-server-f7d0362f', 'message': "Rule parse error in rule var.folders.d5.5xvkptzs6cd9t_077gyhh1400000gr.T.vuln-knowage-server-f7d0362f:\n Invalid pattern for Java: `$IDataSource' is neither a valid identifier in Java nor a valid meta-variable\n----- pattern -----\n$CLASS.checkJNDIName($IDataSource)\n----- end pattern -----\n"}
2026-09-21 17:09:27,355 - INFO - Cloning repository: KnowageLabs/Knowage-Server
2026-09-21 17:09:42,417 - INFO - Cloning repository: ManyDesigns/Portofino
2026-09-21 17:09:56,380 - INFO - Found commit: 94653cb357806c9cf24d8d294e6afea33f8f0775
2026-09-21 17:09:58,153 - INFO - Attempt 1/3 for patch results/runs_pilot_rerun_fixed/deepseek-coder_6.7b__autogrep_default/synthetic_patch_names/CASE-0014.patch
2026-09-21 17:10:05,309 - INFO - HTTP Request: POST https://gptlab.rd.tuni.fi/GPT-Lab/resources/GPU-farmi-004/v1/chat/completions "HTTP/1.1 200 OK"
2026-09-21 17:10:07,151 - WARNING - Attempt 1 failed: ['method(name="createTempFile" args=["$VAR", "$VAR"])', 'method(name="delete" $VAR)', 'method(name="mkdir" $VAR)'] is not of type 'string'
2026-09-21 17:10:07,151 - INFO - Attempt 2/3 for patch results/runs_pilot_rerun_fixed/deepseek-coder_6.7b__autogrep_default/synthetic_patch_names/CASE-0014.patch
2026-09-21 17:10:11,389 - INFO - HTTP Request: POST https://gptlab.rd.tuni.fi/GPT-Lab/resources/GPU-farmi-004/v1/chat/completions "HTTP/1.1 200 OK"
2026-09-21 17:10:13,060 - WARNING - Attempt 2 failed: ['method(name="createTempFile" args=["$VAR", "$VAR"])', 'method(name="delete" $VAR)', 'method(name="mkdir" $VAR)'] is not of type 'string'
2026-09-21 17:10:13,060 - INFO - Attempt 3/3 for patch results/runs_pilot_rerun_fixed/deepseek-coder_6.7b__autogrep_default/synthetic_patch_names/CASE-0014.patch
2026-09-21 17:10:17,173 - INFO - HTTP Request: POST https://gptlab.rd.tuni.fi/GPT-Lab/resources/GPU-farmi-004/v1/chat/completions "HTTP/1.1 200 OK"
2026-09-21 17:10:18,927 - WARNING - Attempt 3 failed: ['method(name="createTempFile" args=["$VAR", "$VAR"])', 'method(name="delete" $VAR)', 'method(name="mkdir" $VAR)'] is not of type 'string'
2026-09-21 17:10:27,433 - INFO - Found commit: f7d0362f737e1b0db1cc9cc95b1236d62d83dd0c
2026-09-21 17:10:29,776 - INFO - Attempt 1/3 for patch results/runs_pilot_rerun_fixed/magicoder_7b__autogrep_default/synthetic_patch_names/CASE-0013.patch
2026-09-21 17:10:32,634 - INFO - Cloning repository: apache/felix-dev
2026-09-21 17:10:34,960 - INFO - HTTP Request: POST https://gptlab.rd.tuni.fi/GPT-Lab/resources/GPU-farmi-001/v1/chat/completions "HTTP/1.1 200 OK"
2026-09-21 17:10:36,652 - WARNING - Attempt 1 failed: {'code': 2, 'level': 'error', 'type': 'Rule parse error', 'rule_id': 'var.folders.d5.5xvkptzs6cd9t_077gyhh1400000gr.T.vuln-knowage-server-f7d0362f', 'message': 'Rule parse error in rule var.folders.d5.5xvkptzs6cd9t_077gyhh1400000gr.T.vuln-knowage-server-f7d0362f:\n Invalid pattern for Java: Failure: no pattern found\n----- pattern -----\n_.checkJNDIName(${any(IDataSource)}) && ${any(String)} =~ /^java:comp\\/env\\/jdbc\\//\n\n----- end pattern -----\n'}
2026-09-21 17:10:36,652 - INFO - Attempt 2/3 for patch results/runs_pilot_rerun_fixed/magicoder_7b__autogrep_default/synthetic_patch_names/CASE-0013.patch
2026-09-21 17:10:42,708 - INFO - HTTP Request: POST https://gptlab.rd.tuni.fi/GPT-Lab/resources/GPU-farmi-001/v1/chat/completions "HTTP/1.1 200 OK"
2026-09-21 17:10:44,527 - WARNING - Attempt 2 failed: {'code': 2, 'level': 'error', 'type': 'Rule parse error', 'rule_id': 'var.folders.d5.5xvkptzs6cd9t_077gyhh1400000gr.T.vuln-knowage-server-f7d0362f', 'message': 'Rule parse error in rule var.folders.d5.5xvkptzs6cd9t_077gyhh1400000gr.T.vuln-knowage-server-f7d0362f:\n Invalid pattern for Java: Failure: no pattern found\n----- pattern -----\n_.checkJNDIName(${any(IDataSource)}) && ${any(String)} =~ /^java:comp\\\\/env\\\\/jdbc\\\\//\n\n----- end pattern -----\n'}
2026-09-21 17:10:44,527 - INFO - Attempt 3/3 for patch results/runs_pilot_rerun_fixed/magicoder_7b__autogrep_default/synthetic_patch_names/CASE-0013.patch
2026-09-21 17:10:47,255 - INFO - Found commit: 87513ea3533fdb79d9e2b251410bf2bfbd63941e
2026-09-21 17:10:48,744 - INFO - Attempt 1/3 for patch results/runs_pilot_rerun_fixed/deepseek-coder_6.7b__autogrep_default/synthetic_patch_names/CASE-0015.patch
2026-09-21 17:10:50,689 - INFO - HTTP Request: POST https://gptlab.rd.tuni.fi/GPT-Lab/resources/GPU-farmi-001/v1/chat/completions "HTTP/1.1 200 OK"
2026-09-21 17:10:52,493 - WARNING - Attempt 3 failed: {'code': 2, 'level': 'error', 'type': 'Rule parse error', 'rule_id': 'var.folders.d5.5xvkptzs6cd9t_077gyhh1400000gr.T.vuln-knowage-server-f7d0362f', 'message': 'Rule parse error in rule var.folders.d5.5xvkptzs6cd9t_077gyhh1400000gr.T.vuln-knowage-server-f7d0362f:\n Invalid pattern for Java: Failure: no pattern found\n----- pattern -----\n_.checkJNDIName(${any(IDataSource)}) && ${any(String)} =~ /^java:comp\\\\/env\\\\/jdbc\\\\//\n\n----- end pattern -----\n'}
2026-09-21 17:10:54,888 - INFO - HTTP Request: POST https://gptlab.rd.tuni.fi/GPT-Lab/resources/GPU-farmi-004/v1/chat/completions "HTTP/1.1 200 OK"
2026-09-21 17:10:54,889 - ERROR - YAML parsing error: mapping values are not allowed here
  in "<unicode string>", line 3, column 53:
     ...  "filter", $FILTER == null ? "" : Encode.forHtmlContent($FILTER))
                                         ^
2026-09-21 17:10:54,889 - ERROR - Failed to clean YAML text
2026-09-21 17:10:54,889 - INFO - Attempt 2/3 for patch results/runs_pilot_rerun_fixed/deepseek-coder_6.7b__autogrep_default/synthetic_patch_names/CASE-0015.patch
2026-09-21 17:10:58,267 - INFO - HTTP Request: POST https://gptlab.rd.tuni.fi/GPT-Lab/resources/GPU-farmi-004/v1/chat/completions "HTTP/1.1 200 OK"
2026-09-21 17:10:58,268 - ERROR - YAML parsing error: mapping values are not allowed here
  in "<unicode string>", line 3, column 52:
     ... ("filter", $FILTER == null ? "" : Encode.forJavaScript($FILTER))
                                         ^
2026-09-21 17:10:58,268 - ERROR - Failed to clean YAML text
2026-09-21 17:10:58,268 - INFO - Attempt 3/3 for patch results/runs_pilot_rerun_fixed/deepseek-coder_6.7b__autogrep_default/synthetic_patch_names/CASE-0015.patch
2026-09-21 17:11:01,562 - INFO - HTTP Request: POST https://gptlab.rd.tuni.fi/GPT-Lab/resources/GPU-farmi-004/v1/chat/completions "HTTP/1.1 200 OK"
2026-09-21 17:11:01,573 - ERROR - YAML parsing error: mapping values are not allowed here
  in "<unicode string>", line 3, column 52:
     ... ("filter", $FILTER == null ? "" : Encode.forJavaScript($FILTER))
                                         ^
2026-09-21 17:11:01,573 - ERROR - Failed to clean YAML text
2026-09-21 17:11:01,954 - ERROR - YAML parsing error: mapping values are not allowed here
  in "<unicode string>", line 3, column 53:
     ...  "filter", $FILTER == null ? "" : Encode.forHtmlContent($FILTER))
                                         ^
2026-09-21 17:11:01,954 - ERROR - Failed to clean YAML text
2026-09-21 17:11:01,954 - ERROR - YAML parsing error: mapping values are not allowed here
  in "<unicode string>", line 3, column 53:
     ...  "filter", $FILTER == null ? "" : Encode.forHtmlContent($FILTER))
                                         ^
2026-09-21 17:11:01,955 - ERROR - Failed to clean YAML text
2026-09-21 17:11:01,955 - ERROR - YAML parsing error: mapping values are not allowed here
  in "<unicode string>", line 3, column 52:
     ... ("filter", $FILTER == null ? "" : Encode.forJavaScript($FILTER))
                                         ^
2026-09-21 17:11:01,956 - ERROR - Failed to clean YAML text
2026-09-21 17:11:01,956 - ERROR - YAML parsing error: mapping values are not allowed here
  in "<unicode string>", line 3, column 52:
     ... ("filter", $FILTER == null ? "" : Encode.forJavaScript($FILTER))
                                         ^
2026-09-21 17:11:01,956 - ERROR - Failed to clean YAML text
2026-09-21 17:11:01,995 - INFO - Cloning repository: apache/kylin
2026-09-21 17:11:09,085 - INFO - Cloning repository: ManyDesigns/Portofino
2026-09-21 17:11:29,143 - INFO - Found commit: 94653cb357806c9cf24d8d294e6afea33f8f0775
2026-09-21 17:11:30,770 - INFO - Attempt 1/3 for patch results/runs_pilot_rerun_fixed/magicoder_7b__autogrep_default/synthetic_patch_names/CASE-0014.patch
2026-09-21 17:11:36,423 - INFO - HTTP Request: POST https://gptlab.rd.tuni.fi/GPT-Lab/resources/GPU-farmi-001/v1/chat/completions "HTTP/1.1 200 OK"
2026-09-21 17:11:39,925 - WARNING - Attempt 1 failed: Rule incorrectly detected vulnerability in fixed version
2026-09-21 17:11:39,925 - INFO - Attempt 2/3 for patch results/runs_pilot_rerun_fixed/magicoder_7b__autogrep_default/synthetic_patch_names/CASE-0014.patch
2026-09-21 17:11:45,318 - INFO - HTTP Request: POST https://gptlab.rd.tuni.fi/GPT-Lab/resources/GPU-farmi-001/v1/chat/completions "HTTP/1.1 200 OK"
2026-09-21 17:11:46,961 - WARNING - Attempt 2 failed: {'code': 2, 'level': 'error', 'type': 'Rule parse error', 'rule_id': 'var.folders.d5.5xvkptzs6cd9t_077gyhh1400000gr.T.vuln-portofino-94653cb3', 'message': 'Rule parse error in rule var.folders.d5.5xvkptzs6cd9t_077gyhh1400000gr.T.vuln-portofino-94653cb3:\n Invalid pattern for Java: `$tempDir\' is neither a valid identifier in Java nor a valid meta-variable\n----- pattern -----\n$tempDir = new File("portofino.tomcat." + "." + port);\n$tempDir.delete();\n$tempDir.mkdir();\n\n----- end pattern -----\n'}
2026-09-21 17:11:46,961 - INFO - Attempt 3/3 for patch results/runs_pilot_rerun_fixed/magicoder_7b__autogrep_default/synthetic_patch_names/CASE-0014.patch
2026-09-21 17:11:51,925 - INFO - HTTP Request: POST https://gptlab.rd.tuni.fi/GPT-Lab/resources/GPU-farmi-001/v1/chat/completions "HTTP/1.1 200 OK"
2026-09-21 17:11:55,176 - WARNING - Attempt 3 failed: Rule incorrectly detected vulnerability in fixed version
2026-09-21 17:12:12,589 - INFO - Cloning repository: apache/felix-dev
2026-09-21 17:12:27,281 - INFO - Found commit: 87513ea3533fdb79d9e2b251410bf2bfbd63941e
2026-09-21 17:12:29,012 - INFO - Attempt 1/3 for patch results/runs_pilot_rerun_fixed/magicoder_7b__autogrep_default/synthetic_patch_names/CASE-0015.patch
2026-09-21 17:12:33,754 - INFO - HTTP Request: POST https://gptlab.rd.tuni.fi/GPT-Lab/resources/GPU-farmi-001/v1/chat/completions "HTTP/1.1 200 OK"
2026-09-21 17:12:36,847 - WARNING - Attempt 1 failed: Rule failed to detect vulnerability in original version
2026-09-21 17:12:36,847 - INFO - Attempt 2/3 for patch results/runs_pilot_rerun_fixed/magicoder_7b__autogrep_default/synthetic_patch_names/CASE-0015.patch
2026-09-21 17:12:41,670 - INFO - Found commit: e373c64c96a54a7abfe4bccb82e8feb60db04749
2026-09-21 17:12:42,095 - INFO - HTTP Request: POST https://gptlab.rd.tuni.fi/GPT-Lab/resources/GPU-farmi-001/v1/chat/completions "HTTP/1.1 200 OK"
2026-09-21 17:12:45,317 - INFO - Attempt 1/3 for patch results/runs_pilot_rerun_fixed/deepseek-coder_6.7b__autogrep_default/synthetic_patch_names/CASE-0016.patch
2026-09-21 17:12:45,905 - WARNING - Attempt 2 failed: Rule failed to detect vulnerability in original version
2026-09-21 17:12:45,905 - INFO - Attempt 3/3 for patch results/runs_pilot_rerun_fixed/magicoder_7b__autogrep_default/synthetic_patch_names/CASE-0015.patch
2026-09-21 17:12:50,091 - INFO - HTTP Request: POST https://gptlab.rd.tuni.fi/GPT-Lab/resources/GPU-farmi-001/v1/chat/completions "HTTP/1.1 200 OK"
2026-09-21 17:12:52,321 - INFO - HTTP Request: POST https://gptlab.rd.tuni.fi/GPT-Lab/resources/GPU-farmi-004/v1/chat/completions "HTTP/1.1 200 OK"
2026-09-21 17:12:53,521 - WARNING - Attempt 3 failed: Rule failed to detect vulnerability in original version
2026-09-21 17:12:55,789 - WARNING - Attempt 1 failed: Rule incorrectly detected vulnerability in fixed version
2026-09-21 17:12:55,790 - INFO - Attempt 2/3 for patch results/runs_pilot_rerun_fixed/deepseek-coder_6.7b__autogrep_default/synthetic_patch_names/CASE-0016.patch
2026-09-21 17:12:59,721 - INFO - HTTP Request: POST https://gptlab.rd.tuni.fi/GPT-Lab/resources/GPU-farmi-004/v1/chat/completions "HTTP/1.1 200 OK"
2026-09-21 17:13:04,178 - WARNING - Attempt 2 failed: Rule incorrectly detected vulnerability in fixed version
2026-09-21 17:13:04,178 - INFO - Attempt 3/3 for patch results/runs_pilot_rerun_fixed/deepseek-coder_6.7b__autogrep_default/synthetic_patch_names/CASE-0016.patch
2026-09-21 17:13:07,805 - INFO - HTTP Request: POST https://gptlab.rd.tuni.fi/GPT-Lab/resources/GPU-farmi-004/v1/chat/completions "HTTP/1.1 200 OK"
2026-09-21 17:13:12,317 - WARNING - Attempt 3 failed: Rule incorrectly detected vulnerability in fixed version
2026-09-21 17:13:13,554 - INFO - Cloning repository: apache/kylin
2026-09-21 17:13:33,271 - INFO - Cloning repository: apache/spark
2026-09-21 17:14:43,956 - INFO - Found commit: e373c64c96a54a7abfe4bccb82e8feb60db04749
2026-09-21 17:14:47,666 - INFO - Attempt 1/3 for patch results/runs_pilot_rerun_fixed/magicoder_7b__autogrep_default/synthetic_patch_names/CASE-0016.patch
2026-09-21 17:14:54,430 - INFO - HTTP Request: POST https://gptlab.rd.tuni.fi/GPT-Lab/resources/GPU-farmi-001/v1/chat/completions "HTTP/1.1 200 OK"
2026-09-21 17:14:58,340 - WARNING - Attempt 1 failed: Rule failed to detect vulnerability in original version
2026-09-21 17:14:58,340 - INFO - Attempt 2/3 for patch results/runs_pilot_rerun_fixed/magicoder_7b__autogrep_default/synthetic_patch_names/CASE-0016.patch
2026-09-21 17:15:09,821 - INFO - Found commit: cf59b1f51c16301f689b4e0f17ba4dbd140e1b19
2026-09-21 17:15:10,559 - INFO - HTTP Request: POST https://gptlab.rd.tuni.fi/GPT-Lab/resources/GPU-farmi-001/v1/chat/completions "HTTP/1.1 200 OK"
2026-09-21 17:15:13,539 - INFO - Attempt 1/3 for patch results/runs_pilot_rerun_fixed/deepseek-coder_6.7b__autogrep_default/synthetic_patch_names/CASE-0017.patch
2026-09-21 17:15:14,755 - WARNING - Attempt 2 failed: Rule failed to detect vulnerability in original version
2026-09-21 17:15:14,755 - INFO - Attempt 3/3 for patch results/runs_pilot_rerun_fixed/magicoder_7b__autogrep_default/synthetic_patch_names/CASE-0016.patch
2026-09-21 17:15:20,256 - INFO - HTTP Request: POST https://gptlab.rd.tuni.fi/GPT-Lab/resources/GPU-farmi-004/v1/chat/completions "HTTP/1.1 200 OK"
2026-09-21 17:15:22,767 - INFO - HTTP Request: POST https://gptlab.rd.tuni.fi/GPT-Lab/resources/GPU-farmi-001/v1/chat/completions "HTTP/1.1 200 OK"
2026-09-21 17:15:24,092 - INFO - Successfully generated valid rule for results/runs_pilot_rerun_fixed/deepseek-coder_6.7b__autogrep_default/synthetic_patch_names/CASE-0017.patch
2026-09-21 17:15:24,450 - WARNING - Attempt 3 failed: {'code': 2, 'level': 'error', 'type': 'Rule parse error', 'rule_id': 'var.folders.d5.5xvkptzs6cd9t_077gyhh1400000gr.T.vuln-kylin-e373c64c', 'message': 'Rule parse error in rule var.folders.d5.5xvkptzs6cd9t_077gyhh1400000gr.T.vuln-kylin-e373c64c:\n Invalid pattern for Java: Failure: no pattern found\n----- pattern -----\n$VARNAME = new org.apache.kylin.rest.service.CubeService();\n$VARNAME.getStorageType() == IStorageAware.ID_HBASE || $VARNAME.getStorageType() == IStorageAware.ID_SHARDED_HBASE || $VARNAME.getStorageType() == IStorageAware.ID_REALTIME_AND_HBASE\n\n----- end pattern -----\n'}
2026-09-21 17:15:44,191 - INFO - Cloning repository: apache/spark
2026-09-21 17:15:49,064 - INFO - Cloning repository: jenkinsci/gitlab-oauth-plugin
2026-09-21 17:15:50,211 - INFO - Found commit: 695ce63fddb3567cf8d87339ddc1fa3b67ae2db8
2026-09-21 17:15:51,870 - INFO - Attempt 1/3 for patch results/runs_pilot_rerun_fixed/deepseek-coder_6.7b__autogrep_default/synthetic_patch_names/CASE-0018.patch
2026-09-21 17:15:54,326 - INFO - HTTP Request: POST https://gptlab.rd.tuni.fi/GPT-Lab/resources/GPU-farmi-004/v1/chat/completions "HTTP/1.1 200 OK"
2026-09-21 17:15:54,331 - ERROR - Invalid rule schema: Missing required fields: pattern, message
2026-09-21 17:15:54,331 - INFO - Attempt 2/3 for patch results/runs_pilot_rerun_fixed/deepseek-coder_6.7b__autogrep_default/synthetic_patch_names/CASE-0018.patch
2026-09-21 17:15:57,099 - INFO - HTTP Request: POST https://gptlab.rd.tuni.fi/GPT-Lab/resources/GPU-farmi-004/v1/chat/completions "HTTP/1.1 200 OK"
2026-09-21 17:15:58,782 - WARNING - Attempt 2 failed: {'code': 2, 'level': 'error', 'type': 'Rule parse error', 'rule_id': 'var.folders.d5.5xvkptzs6cd9t_077gyhh1400000gr.T.vuln-gitlab-oauth-plugin-695ce63f', 'message': 'Rule parse error in rule var.folders.d5.5xvkptzs6cd9t_077gyhh1400000gr.T.vuln-gitlab-oauth-plugin-695ce63f:\n Invalid pattern for Java: Stdlib.Parsing.Parse_error\n----- pattern -----\n$SESSION = HttpServletRequest.getSession(false)\nif $SESSION != null\n\n----- end pattern -----\n'}
2026-09-21 17:15:58,783 - INFO - Attempt 3/3 for patch results/runs_pilot_rerun_fixed/deepseek-coder_6.7b__autogrep_default/synthetic_patch_names/CASE-0018.patch
2026-09-21 17:16:02,800 - INFO - HTTP Request: POST https://gptlab.rd.tuni.fi/GPT-Lab/resources/GPU-farmi-004/v1/chat/completions "HTTP/1.1 200 OK"
2026-09-21 17:16:06,410 - WARNING - Attempt 3 failed: Rule failed to detect vulnerability in original version
2026-09-21 17:16:06,548 - ERROR - Invalid rule schema: Missing required fields: pattern, message
2026-09-21 17:16:06,549 - ERROR - Invalid rule schema: Missing required fields: pattern, message
2026-09-21 17:16:11,987 - INFO - Cloning repository: joniles/mpxj
2026-09-21 17:17:14,479 - INFO - Found commit: cf59b1f51c16301f689b4e0f17ba4dbd140e1b19
2026-09-21 17:17:18,427 - INFO - Attempt 1/3 for patch results/runs_pilot_rerun_fixed/magicoder_7b__autogrep_default/synthetic_patch_names/CASE-0017.patch
2026-09-21 17:17:24,573 - INFO - HTTP Request: POST https://gptlab.rd.tuni.fi/GPT-Lab/resources/GPU-farmi-001/v1/chat/completions "HTTP/1.1 200 OK"
2026-09-21 17:17:28,193 - WARNING - Attempt 1 failed: Rule failed to detect vulnerability in original version
2026-09-21 17:17:28,194 - INFO - Attempt 2/3 for patch results/runs_pilot_rerun_fixed/magicoder_7b__autogrep_default/synthetic_patch_names/CASE-0017.patch
2026-09-21 17:17:33,152 - INFO - HTTP Request: POST https://gptlab.rd.tuni.fi/GPT-Lab/resources/GPU-farmi-001/v1/chat/completions "HTTP/1.1 200 OK"
2026-09-21 17:17:36,925 - WARNING - Attempt 2 failed: Rule failed to detect vulnerability in original version
2026-09-21 17:17:36,925 - INFO - Attempt 3/3 for patch results/runs_pilot_rerun_fixed/magicoder_7b__autogrep_default/synthetic_patch_names/CASE-0017.patch
2026-09-21 17:17:41,094 - INFO - HTTP Request: POST https://gptlab.rd.tuni.fi/GPT-Lab/resources/GPU-farmi-001/v1/chat/completions "HTTP/1.1 200 OK"
2026-09-21 17:17:44,785 - WARNING - Attempt 3 failed: Rule failed to detect vulnerability in original version
2026-09-21 17:17:46,615 - INFO - Found commit: 8002802890dfdc8bc74259f37e053e15b827eea0
2026-09-21 17:17:49,788 - INFO - Attempt 1/3 for patch results/runs_pilot_rerun_fixed/deepseek-coder_6.7b__autogrep_default/synthetic_patch_names/CASE-0019.patch
2026-09-21 17:17:56,107 - INFO - HTTP Request: POST https://gptlab.rd.tuni.fi/GPT-Lab/resources/GPU-farmi-004/v1/chat/completions "HTTP/1.1 200 OK"
2026-09-21 17:17:58,125 - WARNING - Attempt 1 failed: {'code': 2, 'level': 'error', 'type': 'Rule parse error', 'rule_id': 'var.folders.d5.5xvkptzs6cd9t_077gyhh1400000gr.T.vuln-mpxj-80028028', 'message': 'Rule parse error in rule var.folders.d5.5xvkptzs6cd9t_077gyhh1400000gr.T.vuln-mpxj-80028028:\n Invalid pattern for Java: Stdlib.Parsing.Parse_error\n----- pattern -----\ndir.getCanonicalPath()\nfile.getCanonicalPath()\nif (!$X.startsWith($Y + File.separator))\n\n----- end pattern -----\n'}
2026-09-21 17:17:58,126 - INFO - Attempt 2/3 for patch results/runs_pilot_rerun_fixed/deepseek-coder_6.7b__autogrep_default/synthetic_patch_names/CASE-0019.patch
2026-09-21 17:18:02,709 - INFO - HTTP Request: POST https://gptlab.rd.tuni.fi/GPT-Lab/resources/GPU-farmi-004/v1/chat/completions "HTTP/1.1 200 OK"
2026-09-21 17:18:05,664 - INFO - Cloning repository: jenkinsci/gitlab-oauth-plugin
2026-09-21 17:18:06,340 - WARNING - Attempt 2 failed: Rule failed to detect vulnerability in original version
2026-09-21 17:18:06,340 - INFO - Attempt 3/3 for patch results/runs_pilot_rerun_fixed/deepseek-coder_6.7b__autogrep_default/synthetic_patch_names/CASE-0019.patch
2026-09-21 17:18:06,759 - INFO - Found commit: 695ce63fddb3567cf8d87339ddc1fa3b67ae2db8
2026-09-21 17:18:08,380 - INFO - Attempt 1/3 for patch results/runs_pilot_rerun_fixed/magicoder_7b__autogrep_default/synthetic_patch_names/CASE-0018.patch
2026-09-21 17:18:10,286 - INFO - HTTP Request: POST https://gptlab.rd.tuni.fi/GPT-Lab/resources/GPU-farmi-004/v1/chat/completions "HTTP/1.1 200 OK"
2026-09-21 17:18:14,061 - WARNING - Attempt 3 failed: Rule failed to detect vulnerability in original version
2026-09-21 17:18:14,792 - INFO - HTTP Request: POST https://gptlab.rd.tuni.fi/GPT-Lab/resources/GPU-farmi-001/v1/chat/completions "HTTP/1.1 200 OK"
2026-09-21 17:18:18,311 - WARNING - Attempt 1 failed: Rule failed to detect vulnerability in original version
2026-09-21 17:18:18,311 - INFO - Attempt 2/3 for patch results/runs_pilot_rerun_fixed/magicoder_7b__autogrep_default/synthetic_patch_names/CASE-0018.patch
2026-09-21 17:18:23,399 - INFO - HTTP Request: POST https://gptlab.rd.tuni.fi/GPT-Lab/resources/GPU-farmi-001/v1/chat/completions "HTTP/1.1 200 OK"
2026-09-21 17:18:26,753 - WARNING - Attempt 2 failed: Rule failed to detect vulnerability in original version
2026-09-21 17:18:26,754 - INFO - Attempt 3/3 for patch results/runs_pilot_rerun_fixed/magicoder_7b__autogrep_default/synthetic_patch_names/CASE-0018.patch
2026-09-21 17:18:31,826 - INFO - HTTP Request: POST https://gptlab.rd.tuni.fi/GPT-Lab/resources/GPU-farmi-001/v1/chat/completions "HTTP/1.1 200 OK"
2026-09-21 17:18:33,029 - INFO - Cloning repository: spring-projects/spring-security-samples
2026-09-21 17:18:34,709 - INFO - Found commit: 4e3bec904a5467db28ea33e25ac9d90524b53d66
2026-09-21 17:18:35,320 - WARNING - Attempt 3 failed: Rule failed to detect vulnerability in original version
2026-09-21 17:18:36,564 - INFO - Attempt 1/3 for patch results/runs_pilot_rerun_fixed/deepseek-coder_6.7b__autogrep_default/synthetic_patch_names/CASE-0020.patch
2026-09-21 17:18:42,277 - INFO - HTTP Request: POST https://gptlab.rd.tuni.fi/GPT-Lab/resources/GPU-farmi-004/v1/chat/completions "HTTP/1.1 200 OK"
2026-09-21 17:18:45,983 - WARNING - Attempt 1 failed: Rule failed to detect vulnerability in original version
2026-09-21 17:18:45,983 - INFO - Attempt 2/3 for patch results/runs_pilot_rerun_fixed/deepseek-coder_6.7b__autogrep_default/synthetic_patch_names/CASE-0020.patch
2026-09-21 17:18:50,521 - INFO - HTTP Request: POST https://gptlab.rd.tuni.fi/GPT-Lab/resources/GPU-farmi-004/v1/chat/completions "HTTP/1.1 200 OK"
2026-09-21 17:18:53,980 - WARNING - Attempt 2 failed: Rule failed to detect vulnerability in original version
2026-09-21 17:18:53,980 - INFO - Attempt 3/3 for patch results/runs_pilot_rerun_fixed/deepseek-coder_6.7b__autogrep_default/synthetic_patch_names/CASE-0020.patch
2026-09-21 17:18:56,145 - INFO - Cloning repository: joniles/mpxj
2026-09-21 17:18:58,796 - INFO - HTTP Request: POST https://gptlab.rd.tuni.fi/GPT-Lab/resources/GPU-farmi-004/v1/chat/completions "HTTP/1.1 200 OK"
2026-09-21 17:19:02,235 - WARNING - Attempt 3 failed: Rule failed to detect vulnerability in original version
2026-09-21 17:19:22,362 - INFO - Cloning repository: Countly/countly-server
2026-09-21 17:20:25,712 - INFO - Found commit: 8002802890dfdc8bc74259f37e053e15b827eea0
2026-09-21 17:20:29,516 - INFO - Attempt 1/3 for patch results/runs_pilot_rerun_fixed/magicoder_7b__autogrep_default/synthetic_patch_names/CASE-0019.patch
2026-09-21 17:20:35,886 - INFO - HTTP Request: POST https://gptlab.rd.tuni.fi/GPT-Lab/resources/GPU-farmi-001/v1/chat/completions "HTTP/1.1 200 OK"
2026-09-21 17:20:39,701 - WARNING - Attempt 1 failed: Rule failed to detect vulnerability in original version
2026-09-21 17:20:39,701 - INFO - Attempt 2/3 for patch results/runs_pilot_rerun_fixed/magicoder_7b__autogrep_default/synthetic_patch_names/CASE-0019.patch
2026-09-21 17:20:44,338 - INFO - HTTP Request: POST https://gptlab.rd.tuni.fi/GPT-Lab/resources/GPU-farmi-001/v1/chat/completions "HTTP/1.1 200 OK"
2026-09-21 17:20:48,069 - WARNING - Attempt 2 failed: Rule failed to detect vulnerability in original version
2026-09-21 17:20:48,069 - INFO - Attempt 3/3 for patch results/runs_pilot_rerun_fixed/magicoder_7b__autogrep_default/synthetic_patch_names/CASE-0019.patch
2026-09-21 17:20:53,540 - INFO - HTTP Request: POST https://gptlab.rd.tuni.fi/GPT-Lab/resources/GPU-farmi-001/v1/chat/completions "HTTP/1.1 200 OK"
2026-09-21 17:20:55,543 - WARNING - Attempt 3 failed: {'code': 2, 'level': 'error', 'type': 'Rule parse error', 'rule_id': 'var.folders.d5.5xvkptzs6cd9t_077gyhh1400000gr.T.vuln-mpxj-80028028', 'message': 'Rule parse error in rule var.folders.d5.5xvkptzs6cd9t_077gyhh1400000gr.T.vuln-mpxj-80028028:\n Invalid pattern for Java: Stdlib.Parsing.Parse_error\n----- pattern -----\n$file = new File($path);\nif (!$file->getCanonicalFile()->toPath()->startsWith($dir->getCanonicalFile()->toPath())) {\n  // Vulnerable code here...\n}\n\n----- end pattern -----\n'}
2026-09-21 17:21:13,287 - INFO - Cloning repository: spring-projects/spring-security-samples
2026-09-21 17:21:14,718 - INFO - Found commit: 4e3bec904a5467db28ea33e25ac9d90524b53d66
2026-09-21 17:21:16,678 - INFO - Attempt 1/3 for patch results/runs_pilot_rerun_fixed/magicoder_7b__autogrep_default/synthetic_patch_names/CASE-0020.patch
2026-09-21 17:21:23,414 - INFO - HTTP Request: POST https://gptlab.rd.tuni.fi/GPT-Lab/resources/GPU-farmi-001/v1/chat/completions "HTTP/1.1 200 OK"
2026-09-21 17:21:27,010 - WARNING - Attempt 1 failed: Rule failed to detect vulnerability in original version
2026-09-21 17:21:27,010 - INFO - Attempt 2/3 for patch results/runs_pilot_rerun_fixed/magicoder_7b__autogrep_default/synthetic_patch_names/CASE-0020.patch
2026-09-21 17:21:38,263 - INFO - HTTP Request: POST https://gptlab.rd.tuni.fi/GPT-Lab/resources/GPU-farmi-001/v1/chat/completions "HTTP/1.1 200 OK"
2026-09-21 17:21:41,036 - INFO - Found commit: 2bfa1ee1fa46e9bb007cf8687ad197ab9c604999
2026-09-21 17:21:41,716 - WARNING - Attempt 2 failed: Rule failed to detect vulnerability in original version
2026-09-21 17:21:41,717 - INFO - Attempt 3/3 for patch results/runs_pilot_rerun_fixed/magicoder_7b__autogrep_default/synthetic_patch_names/CASE-0020.patch
2026-09-21 17:21:43,457 - INFO - Attempt 1/3 for patch results/runs_pilot_rerun_fixed/deepseek-coder_6.7b__autogrep_default/synthetic_patch_names/CASE-0021.patch
2026-09-21 17:21:47,436 - INFO - HTTP Request: POST https://gptlab.rd.tuni.fi/GPT-Lab/resources/GPU-farmi-001/v1/chat/completions "HTTP/1.1 200 OK"
2026-09-21 17:21:49,015 - INFO - HTTP Request: POST https://gptlab.rd.tuni.fi/GPT-Lab/resources/GPU-farmi-004/v1/chat/completions "HTTP/1.1 200 OK"
2026-09-21 17:21:51,131 - WARNING - Attempt 3 failed: Rule failed to detect vulnerability in original version
2026-09-21 17:21:52,989 - WARNING - Attempt 1 failed: Rule failed to detect vulnerability in original version
2026-09-21 17:21:52,989 - INFO - Attempt 2/3 for patch results/runs_pilot_rerun_fixed/deepseek-coder_6.7b__autogrep_default/synthetic_patch_names/CASE-0021.patch
2026-09-21 17:21:56,699 - INFO - HTTP Request: POST https://gptlab.rd.tuni.fi/GPT-Lab/resources/GPU-farmi-004/v1/chat/completions "HTTP/1.1 200 OK"
2026-09-21 17:22:00,161 - WARNING - Attempt 2 failed: Rule failed to detect vulnerability in original version
2026-09-21 17:22:00,161 - INFO - Attempt 3/3 for patch results/runs_pilot_rerun_fixed/deepseek-coder_6.7b__autogrep_default/synthetic_patch_names/CASE-0021.patch
2026-09-21 17:22:03,863 - INFO - HTTP Request: POST https://gptlab.rd.tuni.fi/GPT-Lab/resources/GPU-farmi-004/v1/chat/completions "HTTP/1.1 200 OK"
2026-09-21 17:22:07,233 - WARNING - Attempt 3 failed: Rule failed to detect vulnerability in original version
2026-09-21 17:22:10,652 - INFO - Cloning repository: Countly/countly-server
2026-09-21 17:22:27,088 - INFO - Cloning repository: GSConnect/gnome-shell-extension-gsconnect
2026-09-21 17:22:32,118 - INFO - Found commit: a38246deec0af50ae218cdc51db32cdd7eb145e3
2026-09-21 17:22:34,018 - INFO - Attempt 1/3 for patch results/runs_pilot_rerun_fixed/deepseek-coder_6.7b__autogrep_default/synthetic_patch_names/CASE-0022.patch
2026-09-21 17:22:39,821 - INFO - HTTP Request: POST https://gptlab.rd.tuni.fi/GPT-Lab/resources/GPU-farmi-004/v1/chat/completions "HTTP/1.1 200 OK"
2026-09-21 17:22:39,824 - ERROR - YAML parsing error: while parsing a block mapping
  in "<unicode string>", line 4, column 5:
        $METHOD_CALL($FUNC: "_exchangeId ... 
        ^
expected <block end>, but found '<scalar>'
  in "<unicode string>", line 4, column 46:
     ... ALL($FUNC: "_exchangeIdentities")
                                         ^
2026-09-21 17:22:39,824 - ERROR - Failed to clean YAML text
2026-09-21 17:22:39,824 - INFO - Attempt 2/3 for patch results/runs_pilot_rerun_fixed/deepseek-coder_6.7b__autogrep_default/synthetic_patch_names/CASE-0022.patch
2026-09-21 17:22:42,640 - INFO - HTTP Request: POST https://gptlab.rd.tuni.fi/GPT-Lab/resources/GPU-farmi-004/v1/chat/completions "HTTP/1.1 200 OK"
2026-09-21 17:22:43,995 - WARNING - Attempt 2 failed: In semgrep YAML configuration, null values are prohibited
2026-09-21 17:22:43,995 - INFO - Attempt 3/3 for patch results/runs_pilot_rerun_fixed/deepseek-coder_6.7b__autogrep_default/synthetic_patch_names/CASE-0022.patch
2026-09-21 17:22:48,827 - INFO - HTTP Request: POST https://gptlab.rd.tuni.fi/GPT-Lab/resources/GPU-farmi-004/v1/chat/completions "HTTP/1.1 200 OK"
2026-09-21 17:22:51,792 - WARNING - Attempt 3 failed: Rule failed to detect vulnerability in original version
2026-09-21 17:22:51,853 - ERROR - YAML parsing error: while parsing a block mapping
  in "<unicode string>", line 4, column 5:
        $METHOD_CALL($FUNC: "_exchangeId ... 
        ^
expected <block end>, but found '<scalar>'
  in "<unicode string>", line 4, column 46:
     ... ALL($FUNC: "_exchangeIdentities")
                                         ^
2026-09-21 17:22:51,853 - ERROR - Failed to clean YAML text
2026-09-21 17:22:51,853 - ERROR - YAML parsing error: while parsing a block mapping
  in "<unicode string>", line 4, column 5:
        $METHOD_CALL($FUNC: "_exchangeId ... 
        ^
expected <block end>, but found '<scalar>'
  in "<unicode string>", line 4, column 46:
     ... ALL($FUNC: "_exchangeIdentities")
                                         ^
2026-09-21 17:22:51,853 - ERROR - Failed to clean YAML text
2026-09-21 17:22:55,723 - INFO - Cloning repository: InternalError503/forget-it
2026-09-21 17:22:56,839 - INFO - Found commit: adf0c7fd59b9c935b4fd675c556265620124999c
2026-09-21 17:22:58,455 - INFO - Attempt 1/3 for patch results/runs_pilot_rerun_fixed/deepseek-coder_6.7b__autogrep_default/synthetic_patch_names/CASE-0023.patch
2026-09-21 17:23:04,635 - INFO - HTTP Request: POST https://gptlab.rd.tuni.fi/GPT-Lab/resources/GPU-farmi-004/v1/chat/completions "HTTP/1.1 200 OK"
2026-09-21 17:23:07,438 - WARNING - Attempt 1 failed: Rule failed to detect vulnerability in original version
2026-09-21 17:23:07,438 - INFO - Attempt 2/3 for patch results/runs_pilot_rerun_fixed/deepseek-coder_6.7b__autogrep_default/synthetic_patch_names/CASE-0023.patch
2026-09-21 17:23:11,474 - INFO - HTTP Request: POST https://gptlab.rd.tuni.fi/GPT-Lab/resources/GPU-farmi-004/v1/chat/completions "HTTP/1.1 200 OK"
2026-09-21 17:23:14,180 - WARNING - Attempt 2 failed: Rule failed to detect vulnerability in original version
2026-09-21 17:23:14,180 - INFO - Attempt 3/3 for patch results/runs_pilot_rerun_fixed/deepseek-coder_6.7b__autogrep_default/synthetic_patch_names/CASE-0023.patch
2026-09-21 17:23:18,459 - INFO - HTTP Request: POST https://gptlab.rd.tuni.fi/GPT-Lab/resources/GPU-farmi-004/v1/chat/completions "HTTP/1.1 200 OK"
2026-09-21 17:23:21,275 - WARNING - Attempt 3 failed: Rule failed to detect vulnerability in original version
2026-09-21 17:23:36,896 - INFO - Cloning repository: KartikTalwar/gmail.js
2026-09-21 17:23:38,160 - INFO - Found commit: a83436f499f9c01b04280af945a5a81137b6baf1
2026-09-21 17:23:39,612 - INFO - Attempt 1/3 for patch results/runs_pilot_rerun_fixed/deepseek-coder_6.7b__autogrep_default/synthetic_patch_names/CASE-0024.patch
2026-09-21 17:23:44,332 - INFO - HTTP Request: POST https://gptlab.rd.tuni.fi/GPT-Lab/resources/GPU-farmi-004/v1/chat/completions "HTTP/1.1 200 OK"
2026-09-21 17:23:47,072 - WARNING - Attempt 1 failed: Rule failed to detect vulnerability in original version
2026-09-21 17:23:47,072 - INFO - Attempt 2/3 for patch results/runs_pilot_rerun_fixed/deepseek-coder_6.7b__autogrep_default/synthetic_patch_names/CASE-0024.patch
2026-09-21 17:23:50,640 - INFO - HTTP Request: POST https://gptlab.rd.tuni.fi/GPT-Lab/resources/GPU-farmi-004/v1/chat/completions "HTTP/1.1 200 OK"
2026-09-21 17:23:53,415 - WARNING - Attempt 2 failed: Rule failed to detect vulnerability in original version
2026-09-21 17:23:53,415 - INFO - Attempt 3/3 for patch results/runs_pilot_rerun_fixed/deepseek-coder_6.7b__autogrep_default/synthetic_patch_names/CASE-0024.patch
2026-09-21 17:23:57,363 - INFO - HTTP Request: POST https://gptlab.rd.tuni.fi/GPT-Lab/resources/GPU-farmi-004/v1/chat/completions "HTTP/1.1 200 OK"
2026-09-21 17:24:00,412 - WARNING - Attempt 3 failed: Rule failed to detect vulnerability in original version
2026-09-21 17:24:19,668 - INFO - Cloning repository: Mintplex-Labs/anything-llm
2026-09-21 17:24:20,457 - INFO - Found commit: 2bfa1ee1fa46e9bb007cf8687ad197ab9c604999
2026-09-21 17:24:22,731 - INFO - Attempt 1/3 for patch results/runs_pilot_rerun_fixed/magicoder_7b__autogrep_default/synthetic_patch_names/CASE-0021.patch
2026-09-21 17:24:28,838 - INFO - HTTP Request: POST https://gptlab.rd.tuni.fi/GPT-Lab/resources/GPU-farmi-001/v1/chat/completions "HTTP/1.1 200 OK"
2026-09-21 17:24:32,318 - WARNING - Attempt 1 failed: Rule failed to detect vulnerability in original version
2026-09-21 17:24:32,318 - INFO - Attempt 2/3 for patch results/runs_pilot_rerun_fixed/magicoder_7b__autogrep_default/synthetic_patch_names/CASE-0021.patch
2026-09-21 17:24:36,807 - INFO - Found commit: 94ed62d320df1a06c229e4bc3ee09c2cb5111b33
2026-09-21 17:24:39,133 - INFO - HTTP Request: POST https://gptlab.rd.tuni.fi/GPT-Lab/resources/GPU-farmi-001/v1/chat/completions "HTTP/1.1 200 OK"
2026-09-21 17:24:39,303 - INFO - Attempt 1/3 for patch results/runs_pilot_rerun_fixed/deepseek-coder_6.7b__autogrep_default/synthetic_patch_names/CASE-0025.patch
2026-09-21 17:24:42,594 - WARNING - Attempt 2 failed: Rule failed to detect vulnerability in original version
2026-09-21 17:24:42,594 - INFO - Attempt 3/3 for patch results/runs_pilot_rerun_fixed/magicoder_7b__autogrep_default/synthetic_patch_names/CASE-0021.patch
2026-09-21 17:24:44,698 - INFO - HTTP Request: POST https://gptlab.rd.tuni.fi/GPT-Lab/resources/GPU-farmi-004/v1/chat/completions "HTTP/1.1 200 OK"
2026-09-21 17:24:48,317 - WARNING - Attempt 1 failed: Rule failed to detect vulnerability in original version
2026-09-21 17:24:48,317 - INFO - Attempt 2/3 for patch results/runs_pilot_rerun_fixed/deepseek-coder_6.7b__autogrep_default/synthetic_patch_names/CASE-0025.patch
2026-09-21 17:24:49,343 - INFO - HTTP Request: POST https://gptlab.rd.tuni.fi/GPT-Lab/resources/GPU-farmi-001/v1/chat/completions "HTTP/1.1 200 OK"
2026-09-21 17:24:51,654 - INFO - HTTP Request: POST https://gptlab.rd.tuni.fi/GPT-Lab/resources/GPU-farmi-004/v1/chat/completions "HTTP/1.1 200 OK"
2026-09-21 17:24:52,823 - WARNING - Attempt 3 failed: Rule failed to detect vulnerability in original version
2026-09-21 17:24:55,004 - WARNING - Attempt 2 failed: Rule failed to detect vulnerability in original version
2026-09-21 17:24:55,004 - INFO - Attempt 3/3 for patch results/runs_pilot_rerun_fixed/deepseek-coder_6.7b__autogrep_default/synthetic_patch_names/CASE-0025.patch
2026-09-21 17:24:58,235 - INFO - HTTP Request: POST https://gptlab.rd.tuni.fi/GPT-Lab/resources/GPU-farmi-004/v1/chat/completions "HTTP/1.1 200 OK"
2026-09-21 17:25:01,346 - WARNING - Attempt 3 failed: Rule failed to detect vulnerability in original version
2026-09-21 17:25:12,501 - INFO - Cloning repository: GSConnect/gnome-shell-extension-gsconnect
2026-09-21 17:25:15,572 - INFO - Found commit: a38246deec0af50ae218cdc51db32cdd7eb145e3
2026-09-21 17:25:17,206 - INFO - Attempt 1/3 for patch results/runs_pilot_rerun_fixed/magicoder_7b__autogrep_default/synthetic_patch_names/CASE-0022.patch
2026-09-21 17:25:20,937 - INFO - Cloning repository: NodeBB/NodeBB
2026-09-21 17:25:27,103 - INFO - HTTP Request: POST https://gptlab.rd.tuni.fi/GPT-Lab/resources/GPU-farmi-001/v1/chat/completions "HTTP/1.1 200 OK"
2026-09-21 17:25:30,235 - WARNING - Attempt 1 failed: Rule failed to detect vulnerability in original version
2026-09-21 17:25:30,235 - INFO - Attempt 2/3 for patch results/runs_pilot_rerun_fixed/magicoder_7b__autogrep_default/synthetic_patch_names/CASE-0022.patch
2026-09-21 17:25:35,956 - INFO - HTTP Request: POST https://gptlab.rd.tuni.fi/GPT-Lab/resources/GPU-farmi-001/v1/chat/completions "HTTP/1.1 200 OK"
2026-09-21 17:25:38,177 - INFO - Found commit: 48d143921753914da45926cca6370a92ed0c46b8
2026-09-21 17:25:39,587 - WARNING - Attempt 2 failed: Rule failed to detect vulnerability in original version
2026-09-21 17:25:39,587 - INFO - Attempt 3/3 for patch results/runs_pilot_rerun_fixed/magicoder_7b__autogrep_default/synthetic_patch_names/CASE-0022.patch
2026-09-21 17:25:40,363 - INFO - Attempt 1/3 for patch results/runs_pilot_rerun_fixed/deepseek-coder_6.7b__autogrep_default/synthetic_patch_names/CASE-0026.patch
2026-09-21 17:25:44,939 - INFO - HTTP Request: POST https://gptlab.rd.tuni.fi/GPT-Lab/resources/GPU-farmi-004/v1/chat/completions "HTTP/1.1 200 OK"
2026-09-21 17:25:45,521 - INFO - HTTP Request: POST https://gptlab.rd.tuni.fi/GPT-Lab/resources/GPU-farmi-001/v1/chat/completions "HTTP/1.1 200 OK"
2026-09-21 17:25:48,459 - WARNING - Attempt 1 failed: Rule failed to detect vulnerability in original version
2026-09-21 17:25:48,459 - INFO - Attempt 2/3 for patch results/runs_pilot_rerun_fixed/deepseek-coder_6.7b__autogrep_default/synthetic_patch_names/CASE-0026.patch
2026-09-21 17:25:48,636 - WARNING - Attempt 3 failed: Rule failed to detect vulnerability in original version
2026-09-21 17:25:51,911 - INFO - HTTP Request: POST https://gptlab.rd.tuni.fi/GPT-Lab/resources/GPU-farmi-004/v1/chat/completions "HTTP/1.1 200 OK"
2026-09-21 17:25:54,800 - INFO - Successfully generated valid rule for results/runs_pilot_rerun_fixed/deepseek-coder_6.7b__autogrep_default/synthetic_patch_names/CASE-0026.patch
2026-09-21 17:26:06,682 - INFO - Cloning repository: InternalError503/forget-it
2026-09-21 17:26:07,768 - INFO - Found commit: adf0c7fd59b9c935b4fd675c556265620124999c
2026-09-21 17:26:09,301 - INFO - Attempt 1/3 for patch results/runs_pilot_rerun_fixed/magicoder_7b__autogrep_default/synthetic_patch_names/CASE-0023.patch
2026-09-21 17:26:15,467 - INFO - HTTP Request: POST https://gptlab.rd.tuni.fi/GPT-Lab/resources/GPU-farmi-001/v1/chat/completions "HTTP/1.1 200 OK"
2026-09-21 17:26:17,360 - INFO - Cloning repository: ether/etherpad-lite
2026-09-21 17:26:18,295 - WARNING - Attempt 1 failed: Rule failed to detect vulnerability in original version
2026-09-21 17:26:18,295 - INFO - Attempt 2/3 for patch results/runs_pilot_rerun_fixed/magicoder_7b__autogrep_default/synthetic_patch_names/CASE-0023.patch
2026-09-21 17:26:25,184 - INFO - Found commit: 9d4e5f6e35153129377206ef545d4965afae627d
2026-09-21 17:26:27,065 - INFO - Attempt 1/3 for patch results/runs_pilot_rerun_fixed/deepseek-coder_6.7b__autogrep_default/synthetic_patch_names/CASE-0027.patch
2026-09-21 17:26:27,341 - INFO - HTTP Request: POST https://gptlab.rd.tuni.fi/GPT-Lab/resources/GPU-farmi-001/v1/chat/completions "HTTP/1.1 200 OK"
2026-09-21 17:26:30,464 - WARNING - Attempt 2 failed: Rule failed to detect vulnerability in original version
2026-09-21 17:26:30,465 - INFO - Attempt 3/3 for patch results/runs_pilot_rerun_fixed/magicoder_7b__autogrep_default/synthetic_patch_names/CASE-0023.patch
2026-09-21 17:26:31,027 - INFO - HTTP Request: POST https://gptlab.rd.tuni.fi/GPT-Lab/resources/GPU-farmi-004/v1/chat/completions "HTTP/1.1 200 OK"
2026-09-21 17:26:34,196 - WARNING - Attempt 1 failed: Rule incorrectly detected vulnerability in fixed version
2026-09-21 17:26:34,196 - INFO - Attempt 2/3 for patch results/runs_pilot_rerun_fixed/deepseek-coder_6.7b__autogrep_default/synthetic_patch_names/CASE-0027.patch
2026-09-21 17:26:36,762 - INFO - HTTP Request: POST https://gptlab.rd.tuni.fi/GPT-Lab/resources/GPU-farmi-001/v1/chat/completions "HTTP/1.1 200 OK"
2026-09-21 17:26:37,684 - INFO - HTTP Request: POST https://gptlab.rd.tuni.fi/GPT-Lab/resources/GPU-farmi-004/v1/chat/completions "HTTP/1.1 200 OK"
2026-09-21 17:26:39,846 - WARNING - Attempt 3 failed: Rule failed to detect vulnerability in original version
2026-09-21 17:26:40,858 - WARNING - Attempt 2 failed: Rule incorrectly detected vulnerability in fixed version
2026-09-21 17:26:40,858 - INFO - Attempt 3/3 for patch results/runs_pilot_rerun_fixed/deepseek-coder_6.7b__autogrep_default/synthetic_patch_names/CASE-0027.patch
2026-09-21 17:26:44,258 - INFO - HTTP Request: POST https://gptlab.rd.tuni.fi/GPT-Lab/resources/GPU-farmi-004/v1/chat/completions "HTTP/1.1 200 OK"
2026-09-21 17:26:47,367 - WARNING - Attempt 3 failed: Rule incorrectly detected vulnerability in fixed version
2026-09-21 17:26:57,752 - INFO - Cloning repository: KartikTalwar/gmail.js
2026-09-21 17:26:58,888 - INFO - Found commit: a83436f499f9c01b04280af945a5a81137b6baf1
2026-09-21 17:27:00,334 - INFO - Attempt 1/3 for patch results/runs_pilot_rerun_fixed/magicoder_7b__autogrep_default/synthetic_patch_names/CASE-0024.patch
2026-09-21 17:27:04,601 - INFO - Cloning repository: kanaka/noVNC
2026-09-21 17:27:06,006 - INFO - HTTP Request: POST https://gptlab.rd.tuni.fi/GPT-Lab/resources/GPU-farmi-001/v1/chat/completions "HTTP/1.1 200 OK"
2026-09-21 17:27:06,339 - INFO - Found commit: ad941faddead705cd611921730054767a0b32dcd
2026-09-21 17:27:07,699 - WARNING - Attempt 1 failed: {'code': 2, 'level': 'error', 'type': 'Rule parse error', 'rule_id': 'var.folders.d5.5xvkptzs6cd9t_077gyhh1400000gr.T.vuln-gmail-js-a83436f4', 'message': 'Rule parse error in rule var.folders.d5.5xvkptzs6cd9t_077gyhh1400000gr.T.vuln-gmail-js-a83436f4:\n Invalid pattern for JavaScript: Stdlib.Parsing.Parse_error\n----- pattern -----\nFunctionDeclaration[name="get_data"] > :x $data = $FunctionDeclaration[name="get_data"].params.properties[0].value;\n$json = JSON.parse($data);\n$parsedResponse.push($json);\n\n----- end pattern -----\n'}
2026-09-21 17:27:07,700 - INFO - Attempt 2/3 for patch results/runs_pilot_rerun_fixed/magicoder_7b__autogrep_default/synthetic_patch_names/CASE-0024.patch
2026-09-21 17:27:08,105 - INFO - Attempt 1/3 for patch results/runs_pilot_rerun_fixed/deepseek-coder_6.7b__autogrep_default/synthetic_patch_names/CASE-0028.patch
2026-09-21 17:27:13,399 - INFO - HTTP Request: POST https://gptlab.rd.tuni.fi/GPT-Lab/resources/GPU-farmi-004/v1/chat/completions "HTTP/1.1 200 OK"
2026-09-21 17:27:14,714 - INFO - HTTP Request: POST https://gptlab.rd.tuni.fi/GPT-Lab/resources/GPU-farmi-001/v1/chat/completions "HTTP/1.1 200 OK"
2026-09-21 17:27:16,332 - WARNING - Attempt 2 failed: {'code': 2, 'level': 'error', 'type': 'Rule parse error', 'rule_id': 'var.folders.d5.5xvkptzs6cd9t_077gyhh1400000gr.T.vuln-gmail-js-a83436f4', 'message': 'Rule parse error in rule var.folders.d5.5xvkptzs6cd9t_077gyhh1400000gr.T.vuln-gmail-js-a83436f4:\n Invalid pattern for JavaScript: Stdlib.Parsing.Parse_error\n----- pattern -----\nFunctionDeclaration[name="get_data"] > :x $data = $FunctionDeclaration[name="get_data"].params.properties[0].value; $json = JSON.parse($data); $parsedResponse.push($json);\n----- end pattern -----\n'}
2026-09-21 17:27:16,332 - INFO - Attempt 3/3 for patch results/runs_pilot_rerun_fixed/magicoder_7b__autogrep_default/synthetic_patch_names/CASE-0024.patch
2026-09-21 17:27:16,523 - WARNING - Attempt 1 failed: Rule failed to detect vulnerability in original version
2026-09-21 17:27:16,523 - INFO - Attempt 2/3 for patch results/runs_pilot_rerun_fixed/deepseek-coder_6.7b__autogrep_default/synthetic_patch_names/CASE-0028.patch
2026-09-21 17:27:20,205 - INFO - HTTP Request: POST https://gptlab.rd.tuni.fi/GPT-Lab/resources/GPU-farmi-004/v1/chat/completions "HTTP/1.1 200 OK"
2026-09-21 17:27:22,333 - INFO - HTTP Request: POST https://gptlab.rd.tuni.fi/GPT-Lab/resources/GPU-farmi-001/v1/chat/completions "HTTP/1.1 200 OK"
2026-09-21 17:27:23,046 - WARNING - Attempt 2 failed: Rule failed to detect vulnerability in original version
2026-09-21 17:27:23,046 - INFO - Attempt 3/3 for patch results/runs_pilot_rerun_fixed/deepseek-coder_6.7b__autogrep_default/synthetic_patch_names/CASE-0028.patch
2026-09-21 17:27:23,816 - WARNING - Attempt 3 failed: {'code': 2, 'level': 'error', 'type': 'Rule parse error', 'rule_id': 'var.folders.d5.5xvkptzs6cd9t_077gyhh1400000gr.T.vuln-gmail-js-a83436f4', 'message': 'Rule parse error in rule var.folders.d5.5xvkptzs6cd9t_077gyhh1400000gr.T.vuln-gmail-js-a83436f4:\n Invalid pattern for JavaScript: Stdlib.Parsing.Parse_error\n----- pattern -----\nFunctionDeclaration[name="get_data"] > :x $data = $FunctionDeclaration[name="get_data"].params.properties[0].value; $json = JSON.parse($data); $parsedResponse.push($json);\n----- end pattern -----\n'}
2026-09-21 17:27:26,700 - INFO - HTTP Request: POST https://gptlab.rd.tuni.fi/GPT-Lab/resources/GPU-farmi-004/v1/chat/completions "HTTP/1.1 200 OK"
2026-09-21 17:27:29,580 - WARNING - Attempt 3 failed: Rule failed to detect vulnerability in original version
2026-09-21 17:27:37,032 - INFO - Cloning repository: Mintplex-Labs/anything-llm
2026-09-21 17:27:46,984 - INFO - Cloning repository: micromatch/braces
2026-09-21 17:27:47,984 - INFO - Found commit: abdafb0cae1e0c00f184abbadc692f4eaa98f451
2026-09-21 17:27:49,526 - INFO - Attempt 1/3 for patch results/runs_pilot_rerun_fixed/deepseek-coder_6.7b__autogrep_default/synthetic_patch_names/CASE-0029.patch
2026-09-21 17:27:50,949 - INFO - Found commit: 94ed62d320df1a06c229e4bc3ee09c2cb5111b33
2026-09-21 17:27:54,141 - INFO - HTTP Request: POST https://gptlab.rd.tuni.fi/GPT-Lab/resources/GPU-farmi-004/v1/chat/completions "HTTP/1.1 200 OK"
2026-09-21 17:27:54,269 - INFO - Attempt 1/3 for patch results/runs_pilot_rerun_fixed/magicoder_7b__autogrep_default/synthetic_patch_names/CASE-0025.patch
2026-09-21 17:27:57,502 - WARNING - Attempt 1 failed: Rule failed to detect vulnerability in original version
2026-09-21 17:27:57,502 - INFO - Attempt 2/3 for patch results/runs_pilot_rerun_fixed/deepseek-coder_6.7b__autogrep_default/synthetic_patch_names/CASE-0029.patch
2026-09-21 18:00:29,657 - INFO - Retrying request in 0.462029 seconds
2026-09-21 18:00:32,868 - INFO - Retrying request in 0.446420 seconds
2026-09-21 18:00:38,397 - INFO - HTTP Request: POST https://gptlab.rd.tuni.fi/GPT-Lab/resources/GPU-farmi-001/v1/chat/completions "HTTP/1.1 200 OK"
2026-09-21 18:00:41,841 - WARNING - Attempt 1 failed: Rule failed to detect vulnerability in original version
2026-09-21 18:00:41,841 - INFO - Attempt 2/3 for patch results/runs_pilot_rerun_fixed/magicoder_7b__autogrep_default/synthetic_patch_names/CASE-0025.patch
2026-09-21 18:00:46,307 - INFO - HTTP Request: POST https://gptlab.rd.tuni.fi/GPT-Lab/resources/GPU-farmi-001/v1/chat/completions "HTTP/1.1 200 OK"
2026-09-21 18:00:48,950 - INFO - Successfully generated valid rule for results/runs_pilot_rerun_fixed/magicoder_7b__autogrep_default/synthetic_patch_names/CASE-0025.patch
2026-09-21 18:00:51,658 - INFO - HTTP Request: POST https://gptlab.rd.tuni.fi/GPT-Lab/resources/GPU-farmi-004/v1/chat/completions "HTTP/1.1 200 OK"
2026-09-21 18:00:51,660 - ERROR - YAML parsing error: mapping values are not allowed here
  in "<unicode string>", line 13, column 67:
     ... tch/braces/commit/abdafb0cae1e0c:
                                         ^
2026-09-21 18:00:51,660 - ERROR - Failed to clean YAML text
2026-09-21 18:00:51,660 - INFO - Attempt 3/3 for patch results/runs_pilot_rerun_fixed/deepseek-coder_6.7b__autogrep_default/synthetic_patch_names/CASE-0029.patch
2026-09-21 18:00:56,057 - INFO - HTTP Request: POST https://gptlab.rd.tuni.fi/GPT-Lab/resources/GPU-farmi-004/v1/chat/completions "HTTP/1.1 200 OK"
2026-09-21 18:00:56,058 - ERROR - YAML parsing error: mapping values are not allowed here
  in "<unicode string>", line 12, column 67:
     ... tch/braces/commit/abdafb0cae1e0c:
                                         ^
2026-09-21 18:00:56,058 - ERROR - Failed to clean YAML text
2026-09-21 18:01:07,675 - ERROR - YAML parsing error: mapping values are not allowed here
  in "<unicode string>", line 13, column 67:
     ... tch/braces/commit/abdafb0cae1e0c:
                                         ^
2026-09-21 18:01:07,676 - ERROR - Failed to clean YAML text
2026-09-21 18:01:07,676 - ERROR - YAML parsing error: mapping values are not allowed here
  in "<unicode string>", line 12, column 67:
     ... tch/braces/commit/abdafb0cae1e0c:
                                         ^
2026-09-21 18:01:07,677 - ERROR - Failed to clean YAML text
2026-09-21 18:01:07,705 - INFO - Cloning repository: mongodb/js-bson
2026-09-21 18:01:10,641 - INFO - Found commit: bd61c45157c53a1698ff23770160cf4783e9ea4a
2026-09-21 18:01:11,010 - INFO - Cloning repository: NodeBB/NodeBB
2026-09-21 18:01:12,263 - INFO - Attempt 1/3 for patch results/runs_pilot_rerun_fixed/deepseek-coder_6.7b__autogrep_default/synthetic_patch_names/CASE-0030.patch
2026-09-21 18:01:17,497 - INFO - HTTP Request: POST https://gptlab.rd.tuni.fi/GPT-Lab/resources/GPU-farmi-004/v1/chat/completions "HTTP/1.1 200 OK"
2026-09-21 18:01:20,373 - WARNING - Attempt 1 failed: Rule failed to detect vulnerability in original version
2026-09-21 18:01:20,373 - INFO - Attempt 2/3 for patch results/runs_pilot_rerun_fixed/deepseek-coder_6.7b__autogrep_default/synthetic_patch_names/CASE-0030.patch
2026-09-21 18:01:24,661 - INFO - HTTP Request: POST https://gptlab.rd.tuni.fi/GPT-Lab/resources/GPU-farmi-004/v1/chat/completions "HTTP/1.1 200 OK"
2026-09-21 18:01:27,450 - WARNING - Attempt 2 failed: Rule failed to detect vulnerability in original version
2026-09-21 18:01:27,450 - INFO - Attempt 3/3 for patch results/runs_pilot_rerun_fixed/deepseek-coder_6.7b__autogrep_default/synthetic_patch_names/CASE-0030.patch
2026-09-21 18:01:29,644 - INFO - Found commit: 48d143921753914da45926cca6370a92ed0c46b8
2026-09-21 18:01:31,441 - INFO - HTTP Request: POST https://gptlab.rd.tuni.fi/GPT-Lab/resources/GPU-farmi-004/v1/chat/completions "HTTP/1.1 200 OK"
2026-09-21 18:01:31,949 - INFO - Attempt 1/3 for patch results/runs_pilot_rerun_fixed/magicoder_7b__autogrep_default/synthetic_patch_names/CASE-0026.patch
2026-09-21 18:01:34,727 - WARNING - Attempt 3 failed: Rule failed to detect vulnerability in original version
2026-09-21 18:01:37,402 - INFO - HTTP Request: POST https://gptlab.rd.tuni.fi/GPT-Lab/resources/GPU-farmi-001/v1/chat/completions "HTTP/1.1 200 OK"
2026-09-21 18:01:40,936 - WARNING - Attempt 1 failed: Rule failed to detect vulnerability in original version
2026-09-21 18:01:40,936 - INFO - Attempt 2/3 for patch results/runs_pilot_rerun_fixed/magicoder_7b__autogrep_default/synthetic_patch_names/CASE-0026.patch
2026-09-21 18:01:46,620 - INFO - HTTP Request: POST https://gptlab.rd.tuni.fi/GPT-Lab/resources/GPU-farmi-001/v1/chat/completions "HTTP/1.1 200 OK"
2026-09-21 18:01:49,626 - WARNING - Attempt 2 failed: Rule incorrectly detected vulnerability in fixed version
2026-09-21 18:01:49,626 - INFO - Attempt 3/3 for patch results/runs_pilot_rerun_fixed/magicoder_7b__autogrep_default/synthetic_patch_names/CASE-0026.patch
2026-09-21 18:01:52,742 - INFO - Cloning repository: Dokploy/dokploy
2026-09-21 18:01:55,369 - INFO - HTTP Request: POST https://gptlab.rd.tuni.fi/GPT-Lab/resources/GPU-farmi-001/v1/chat/completions "HTTP/1.1 200 OK"
2026-09-21 18:01:58,190 - INFO - Found commit: 61cf426615a4aa095b150362526aa52f2d1ea115
2026-09-21 18:01:58,266 - WARNING - Attempt 3 failed: Rule failed to detect vulnerability in original version
2026-09-21 18:01:59,970 - INFO - Attempt 1/3 for patch results/runs_pilot_rerun_fixed/deepseek-coder_6.7b__autogrep_default/synthetic_patch_names/CASE-0031.patch
2026-09-21 18:02:05,735 - INFO - HTTP Request: POST https://gptlab.rd.tuni.fi/GPT-Lab/resources/GPU-farmi-004/v1/chat/completions "HTTP/1.1 200 OK"
2026-09-21 18:02:09,227 - WARNING - Attempt 1 failed: Rule failed to detect vulnerability in original version
2026-09-21 18:02:09,227 - INFO - Attempt 2/3 for patch results/runs_pilot_rerun_fixed/deepseek-coder_6.7b__autogrep_default/synthetic_patch_names/CASE-0031.patch
2026-09-21 18:02:13,532 - INFO - HTTP Request: POST https://gptlab.rd.tuni.fi/GPT-Lab/resources/GPU-farmi-004/v1/chat/completions "HTTP/1.1 200 OK"
2026-09-21 18:02:16,625 - INFO - Cloning repository: ether/etherpad-lite
2026-09-21 18:02:16,651 - WARNING - Attempt 2 failed: Rule failed to detect vulnerability in original version
2026-09-21 18:02:16,653 - INFO - Attempt 3/3 for patch results/runs_pilot_rerun_fixed/deepseek-coder_6.7b__autogrep_default/synthetic_patch_names/CASE-0031.patch
2026-09-21 18:02:21,033 - INFO - HTTP Request: POST https://gptlab.rd.tuni.fi/GPT-Lab/resources/GPU-farmi-004/v1/chat/completions "HTTP/1.1 200 OK"
2026-09-21 18:02:23,309 - INFO - Found commit: 9d4e5f6e35153129377206ef545d4965afae627d
2026-09-21 18:02:24,140 - WARNING - Attempt 3 failed: Rule failed to detect vulnerability in original version
2026-09-21 18:02:25,148 - INFO - Attempt 1/3 for patch results/runs_pilot_rerun_fixed/magicoder_7b__autogrep_default/synthetic_patch_names/CASE-0027.patch
2026-09-21 18:02:30,623 - INFO - HTTP Request: POST https://gptlab.rd.tuni.fi/GPT-Lab/resources/GPU-farmi-001/v1/chat/completions "HTTP/1.1 200 OK"
2026-09-21 18:02:33,689 - WARNING - Attempt 1 failed: Rule failed to detect vulnerability in original version
2026-09-21 18:02:33,689 - INFO - Attempt 2/3 for patch results/runs_pilot_rerun_fixed/magicoder_7b__autogrep_default/synthetic_patch_names/CASE-0027.patch
2026-09-21 18:02:39,698 - INFO - HTTP Request: POST https://gptlab.rd.tuni.fi/GPT-Lab/resources/GPU-farmi-001/v1/chat/completions "HTTP/1.1 200 OK"
2026-09-21 18:02:42,462 - INFO - Cloning repository: Eugeny/tabby
2026-09-21 18:02:42,835 - WARNING - Attempt 2 failed: Rule failed to detect vulnerability in original version
2026-09-21 18:02:42,835 - INFO - Attempt 3/3 for patch results/runs_pilot_rerun_fixed/magicoder_7b__autogrep_default/synthetic_patch_names/CASE-0027.patch
2026-09-21 18:02:49,133 - INFO - HTTP Request: POST https://gptlab.rd.tuni.fi/GPT-Lab/resources/GPU-farmi-001/v1/chat/completions "HTTP/1.1 200 OK"
2026-09-21 18:02:52,026 - WARNING - Attempt 3 failed: Rule failed to detect vulnerability in original version
2026-09-21 18:02:54,137 - INFO - Found commit: 1c077147acd0a6ec9f8ee80d83a3e9688fbb9444
2026-09-21 18:02:55,957 - INFO - Attempt 1/3 for patch results/runs_pilot_rerun_fixed/deepseek-coder_6.7b__autogrep_default/synthetic_patch_names/CASE-0032.patch
2026-09-21 18:03:01,279 - INFO - HTTP Request: POST https://gptlab.rd.tuni.fi/GPT-Lab/resources/GPU-farmi-004/v1/chat/completions "HTTP/1.1 200 OK"
2026-09-21 18:03:04,424 - WARNING - Attempt 1 failed: Rule incorrectly detected vulnerability in fixed version
2026-09-21 18:03:04,424 - INFO - Attempt 2/3 for patch results/runs_pilot_rerun_fixed/deepseek-coder_6.7b__autogrep_default/synthetic_patch_names/CASE-0032.patch
2026-09-21 18:03:08,068 - INFO - HTTP Request: POST https://gptlab.rd.tuni.fi/GPT-Lab/resources/GPU-farmi-004/v1/chat/completions "HTTP/1.1 200 OK"
2026-09-21 18:03:10,111 - INFO - Cloning repository: kanaka/noVNC
2026-09-21 18:03:11,064 - WARNING - Attempt 2 failed: Rule incorrectly detected vulnerability in fixed version
2026-09-21 18:03:11,064 - INFO - Attempt 3/3 for patch results/runs_pilot_rerun_fixed/deepseek-coder_6.7b__autogrep_default/synthetic_patch_names/CASE-0032.patch
2026-09-21 18:03:12,318 - INFO - Found commit: ad941faddead705cd611921730054767a0b32dcd
2026-09-21 18:03:13,952 - INFO - Attempt 1/3 for patch results/runs_pilot_rerun_fixed/magicoder_7b__autogrep_default/synthetic_patch_names/CASE-0028.patch
2026-09-21 18:03:14,821 - INFO - HTTP Request: POST https://gptlab.rd.tuni.fi/GPT-Lab/resources/GPU-farmi-004/v1/chat/completions "HTTP/1.1 200 OK"
2026-09-21 18:03:18,034 - WARNING - Attempt 3 failed: Rule incorrectly detected vulnerability in fixed version
2026-09-21 18:03:20,276 - INFO - HTTP Request: POST https://gptlab.rd.tuni.fi/GPT-Lab/resources/GPU-farmi-001/v1/chat/completions "HTTP/1.1 200 OK"
2026-09-21 18:03:23,488 - WARNING - Attempt 1 failed: Rule failed to detect vulnerability in original version
2026-09-21 18:03:23,488 - INFO - Attempt 2/3 for patch results/runs_pilot_rerun_fixed/magicoder_7b__autogrep_default/synthetic_patch_names/CASE-0028.patch
2026-09-21 18:03:28,855 - INFO - HTTP Request: POST https://gptlab.rd.tuni.fi/GPT-Lab/resources/GPU-farmi-001/v1/chat/completions "HTTP/1.1 200 OK"
2026-09-21 18:03:31,832 - WARNING - Attempt 2 failed: Rule failed to detect vulnerability in original version
2026-09-21 18:03:31,833 - INFO - Attempt 3/3 for patch results/runs_pilot_rerun_fixed/magicoder_7b__autogrep_default/synthetic_patch_names/CASE-0028.patch
2026-09-21 18:03:35,097 - INFO - Cloning repository: JstnMcBrd/dectalk-tts
2026-09-21 18:03:36,391 - INFO - Found commit: 3600d8ac156f27da553ac4ead46d16989a350105
2026-09-21 18:03:37,455 - INFO - HTTP Request: POST https://gptlab.rd.tuni.fi/GPT-Lab/resources/GPU-farmi-001/v1/chat/completions "HTTP/1.1 200 OK"
2026-09-21 18:03:37,861 - INFO - Attempt 1/3 for patch results/runs_pilot_rerun_fixed/deepseek-coder_6.7b__autogrep_default/synthetic_patch_names/CASE-0033.patch
2026-09-21 18:03:40,621 - WARNING - Attempt 3 failed: Rule failed to detect vulnerability in original version
2026-09-21 18:03:42,480 - INFO - HTTP Request: POST https://gptlab.rd.tuni.fi/GPT-Lab/resources/GPU-farmi-004/v1/chat/completions "HTTP/1.1 200 OK"
2026-09-21 18:03:45,537 - WARNING - Attempt 1 failed: Rule failed to detect vulnerability in original version
2026-09-21 18:03:45,537 - INFO - Attempt 2/3 for patch results/runs_pilot_rerun_fixed/deepseek-coder_6.7b__autogrep_default/synthetic_patch_names/CASE-0033.patch
2026-09-21 18:03:49,438 - INFO - HTTP Request: POST https://gptlab.rd.tuni.fi/GPT-Lab/resources/GPU-farmi-004/v1/chat/completions "HTTP/1.1 200 OK"
2026-09-21 18:03:52,424 - WARNING - Attempt 2 failed: Rule failed to detect vulnerability in original version
2026-09-21 18:03:52,424 - INFO - Attempt 3/3 for patch results/runs_pilot_rerun_fixed/deepseek-coder_6.7b__autogrep_default/synthetic_patch_names/CASE-0033.patch
2026-09-21 18:03:56,196 - INFO - HTTP Request: POST https://gptlab.rd.tuni.fi/GPT-Lab/resources/GPU-farmi-004/v1/chat/completions "HTTP/1.1 200 OK"
2026-09-21 18:03:56,971 - INFO - Cloning repository: micromatch/braces
2026-09-21 18:03:58,143 - INFO - Found commit: abdafb0cae1e0c00f184abbadc692f4eaa98f451
2026-09-21 18:03:59,325 - WARNING - Attempt 3 failed: Rule failed to detect vulnerability in original version
2026-09-21 18:03:59,689 - INFO - Attempt 1/3 for patch results/runs_pilot_rerun_fixed/magicoder_7b__autogrep_default/synthetic_patch_names/CASE-0029.patch
2026-09-21 18:04:06,641 - INFO - HTTP Request: POST https://gptlab.rd.tuni.fi/GPT-Lab/resources/GPU-farmi-001/v1/chat/completions "HTTP/1.1 200 OK"
2026-09-21 18:04:09,599 - WARNING - Attempt 1 failed: Rule failed to detect vulnerability in original version
2026-09-21 18:04:09,599 - INFO - Attempt 2/3 for patch results/runs_pilot_rerun_fixed/magicoder_7b__autogrep_default/synthetic_patch_names/CASE-0029.patch
2026-09-21 18:04:15,367 - INFO - Cloning repository: OneUptime/oneuptime
2026-09-21 18:04:16,232 - INFO - HTTP Request: POST https://gptlab.rd.tuni.fi/GPT-Lab/resources/GPU-farmi-001/v1/chat/completions "HTTP/1.1 200 OK"
2026-09-21 18:04:18,865 - WARNING - Attempt 2 failed: Rule failed to detect vulnerability in original version
2026-09-21 18:04:18,865 - INFO - Attempt 3/3 for patch results/runs_pilot_rerun_fixed/magicoder_7b__autogrep_default/synthetic_patch_names/CASE-0029.patch
2026-09-21 18:04:23,076 - INFO - HTTP Request: POST https://gptlab.rd.tuni.fi/GPT-Lab/resources/GPU-farmi-001/v1/chat/completions "HTTP/1.1 200 OK"
2026-09-21 18:04:25,600 - WARNING - Attempt 3 failed: Rule failed to detect vulnerability in original version
2026-09-21 18:04:40,545 - INFO - Cloning repository: mongodb/js-bson
2026-09-21 18:04:45,480 - INFO - Found commit: bd61c45157c53a1698ff23770160cf4783e9ea4a
2026-09-21 18:04:47,060 - INFO - Attempt 1/3 for patch results/runs_pilot_rerun_fixed/magicoder_7b__autogrep_default/synthetic_patch_names/CASE-0030.patch
2026-09-21 18:04:53,322 - INFO - HTTP Request: POST https://gptlab.rd.tuni.fi/GPT-Lab/resources/GPU-farmi-001/v1/chat/completions "HTTP/1.1 200 OK"
2026-09-21 18:04:55,970 - WARNING - Attempt 1 failed: Rule failed to detect vulnerability in original version
2026-09-21 18:04:55,970 - INFO - Attempt 2/3 for patch results/runs_pilot_rerun_fixed/magicoder_7b__autogrep_default/synthetic_patch_names/CASE-0030.patch
2026-09-21 18:05:01,183 - INFO - HTTP Request: POST https://gptlab.rd.tuni.fi/GPT-Lab/resources/GPU-farmi-001/v1/chat/completions "HTTP/1.1 200 OK"
2026-09-21 18:05:03,813 - WARNING - Attempt 2 failed: Rule failed to detect vulnerability in original version
2026-09-21 18:05:03,813 - INFO - Attempt 3/3 for patch results/runs_pilot_rerun_fixed/magicoder_7b__autogrep_default/synthetic_patch_names/CASE-0030.patch
2026-09-21 18:05:08,910 - INFO - HTTP Request: POST https://gptlab.rd.tuni.fi/GPT-Lab/resources/GPU-farmi-001/v1/chat/completions "HTTP/1.1 200 OK"
2026-09-21 18:05:11,517 - WARNING - Attempt 3 failed: Rule failed to detect vulnerability in original version
2026-09-21 18:05:26,763 - INFO - Cloning repository: Dokploy/dokploy
2026-09-21 18:05:34,453 - INFO - Found commit: 61cf426615a4aa095b150362526aa52f2d1ea115
2026-09-21 18:05:36,338 - INFO - Attempt 1/3 for patch results/runs_pilot_rerun_fixed/magicoder_7b__autogrep_default/synthetic_patch_names/CASE-0031.patch
2026-09-21 18:05:43,893 - INFO - HTTP Request: POST https://gptlab.rd.tuni.fi/GPT-Lab/resources/GPU-farmi-001/v1/chat/completions "HTTP/1.1 200 OK"
2026-09-21 18:05:45,646 - WARNING - Attempt 1 failed: {'code': 2, 'level': 'error', 'type': 'Rule parse error', 'rule_id': 'var.folders.d5.5xvkptzs6cd9t_077gyhh1400000gr.T.vuln-dokploy-61cf4266', 'message': "Rule parse error in rule var.folders.d5.5xvkptzs6cd9t_077gyhh1400000gr.T.vuln-dokploy-61cf4266:\n Invalid pattern for TypeScript: Stdlib.Parsing.Parse_error\n----- pattern -----\n!<any>: $var = ctx.user.role; if ($var !== 'owner') throw new TRPCError({ code: 'UNAUTHORIZED', message: 'You are not authorized to access this user' });\n----- end pattern -----\n"}
2026-09-21 18:05:45,646 - INFO - Attempt 2/3 for patch results/runs_pilot_rerun_fixed/magicoder_7b__autogrep_default/synthetic_patch_names/CASE-0031.patch
2026-09-21 18:05:51,890 - INFO - HTTP Request: POST https://gptlab.rd.tuni.fi/GPT-Lab/resources/GPU-farmi-001/v1/chat/completions "HTTP/1.1 200 OK"
2026-09-21 18:05:53,600 - WARNING - Attempt 2 failed: {'code': 2, 'level': 'error', 'type': 'Rule parse error', 'rule_id': 'var.folders.d5.5xvkptzs6cd9t_077gyhh1400000gr.T.vuln-dokploy-61cf4266', 'message': "Rule parse error in rule var.folders.d5.5xvkptzs6cd9t_077gyhh1400000gr.T.vuln-dokploy-61cf4266:\n Invalid pattern for TypeScript: Stdlib.Parsing.Parse_error\n----- pattern -----\n!<any>: $var = ctx.user.role; if ($var !== 'owner') throw new TRPCError({ code: 'UNAUTHORIZED', message: 'You are not authorized to access this user' });\n----- end pattern -----\n"}
2026-09-21 18:05:53,600 - INFO - Attempt 3/3 for patch results/runs_pilot_rerun_fixed/magicoder_7b__autogrep_default/synthetic_patch_names/CASE-0031.patch
2026-09-21 18:05:56,163 - INFO - Found commit: 07bc6d4edde7397ea6b88f889c065ec392052ab4
2026-09-21 18:05:59,398 - INFO - Attempt 1/3 for patch results/runs_pilot_rerun_fixed/deepseek-coder_6.7b__autogrep_default/synthetic_patch_names/CASE-0034.patch
2026-09-21 18:05:59,772 - INFO - HTTP Request: POST https://gptlab.rd.tuni.fi/GPT-Lab/resources/GPU-farmi-001/v1/chat/completions "HTTP/1.1 200 OK"
2026-09-21 18:06:01,394 - WARNING - Attempt 3 failed: {'code': 2, 'level': 'error', 'type': 'Rule parse error', 'rule_id': 'var.folders.d5.5xvkptzs6cd9t_077gyhh1400000gr.T.vuln-dokploy-61cf4266', 'message': "Rule parse error in rule var.folders.d5.5xvkptzs6cd9t_077gyhh1400000gr.T.vuln-dokploy-61cf4266:\n Invalid pattern for TypeScript: Stdlib.Parsing.Parse_error\n----- pattern -----\n!<any>: $var = ctx.user.role; if ($var !== 'owner') throw new TRPCError({ code: 'UNAUTHORIZED', message: 'You are not authorized to access this user' });\n----- end pattern -----\n"}
2026-09-21 18:06:04,607 - INFO - HTTP Request: POST https://gptlab.rd.tuni.fi/GPT-Lab/resources/GPU-farmi-004/v1/chat/completions "HTTP/1.1 200 OK"
2026-09-21 18:06:04,609 - ERROR - YAML parsing error: mapping values are not allowed here
  in "<unicode string>", line 3, column 16:
      pattern: $VAR: ["create", ...] |> $ARRAY[0] = ... 
                   ^
2026-09-21 18:06:04,609 - ERROR - Failed to clean YAML text
2026-09-21 18:06:04,609 - INFO - Attempt 2/3 for patch results/runs_pilot_rerun_fixed/deepseek-coder_6.7b__autogrep_default/synthetic_patch_names/CASE-0034.patch
2026-09-21 18:06:08,509 - INFO - HTTP Request: POST https://gptlab.rd.tuni.fi/GPT-Lab/resources/GPU-farmi-004/v1/chat/completions "HTTP/1.1 200 OK"
2026-09-21 18:06:08,511 - ERROR - YAML parsing error: mapping values are not allowed here
  in "<unicode string>", line 3, column 16:
      pattern: $VAR: [Permission.Public]
                   ^
2026-09-21 18:06:08,511 - ERROR - Failed to clean YAML text
2026-09-21 18:06:08,511 - INFO - Attempt 3/3 for patch results/runs_pilot_rerun_fixed/deepseek-coder_6.7b__autogrep_default/synthetic_patch_names/CASE-0034.patch
2026-09-21 18:06:12,490 - INFO - HTTP Request: POST https://gptlab.rd.tuni.fi/GPT-Lab/resources/GPU-farmi-004/v1/chat/completions "HTTP/1.1 200 OK"
2026-09-21 18:06:12,492 - ERROR - YAML parsing error: mapping values are not allowed here
  in "<unicode string>", line 3, column 16:
      pattern: $VAR: [Permission.Public]
                   ^
2026-09-21 18:06:12,492 - ERROR - Failed to clean YAML text
2026-09-21 18:06:13,171 - ERROR - YAML parsing error: mapping values are not allowed here
  in "<unicode string>", line 3, column 16:
      pattern: $VAR: ["create", ...] |> $ARRAY[0] = ... 
                   ^
2026-09-21 18:06:13,171 - ERROR - Failed to clean YAML text
2026-09-21 18:06:13,171 - ERROR - YAML parsing error: mapping values are not allowed here
  in "<unicode string>", line 3, column 16:
      pattern: $VAR: ["create", ...] |> $ARRAY[0] = ... 
                   ^
2026-09-21 18:06:13,171 - ERROR - Failed to clean YAML text
2026-09-21 18:06:13,172 - ERROR - YAML parsing error: mapping values are not allowed here
  in "<unicode string>", line 3, column 16:
      pattern: $VAR: [Permission.Public]
                   ^
2026-09-21 18:06:13,172 - ERROR - Failed to clean YAML text
2026-09-21 18:06:13,178 - ERROR - YAML parsing error: mapping values are not allowed here
  in "<unicode string>", line 3, column 16:
      pattern: $VAR: [Permission.Public]
                   ^
2026-09-21 18:06:13,178 - ERROR - Failed to clean YAML text
2026-09-21 18:06:13,198 - INFO - Cloning repository: OpenSlides/openslides-auth-service
2026-09-21 18:06:15,216 - INFO - Found commit: 70c1aa9f5e1db59ec120ecce98d1c1169350a4ee
2026-09-21 18:06:16,915 - INFO - Attempt 1/3 for patch results/runs_pilot_rerun_fixed/deepseek-coder_6.7b__autogrep_default/synthetic_patch_names/CASE-0035.patch
2026-09-21 18:06:17,124 - INFO - Cloning repository: Eugeny/tabby
2026-09-21 18:06:22,242 - INFO - HTTP Request: POST https://gptlab.rd.tuni.fi/GPT-Lab/resources/GPU-farmi-004/v1/chat/completions "HTTP/1.1 200 OK"
2026-09-21 18:06:25,908 - WARNING - Attempt 1 failed: Rule incorrectly detected vulnerability in fixed version
2026-09-21 18:06:25,908 - INFO - Attempt 2/3 for patch results/runs_pilot_rerun_fixed/deepseek-coder_6.7b__autogrep_default/synthetic_patch_names/CASE-0035.patch
2026-09-21 18:06:30,003 - INFO - HTTP Request: POST https://gptlab.rd.tuni.fi/GPT-Lab/resources/GPU-farmi-004/v1/chat/completions "HTTP/1.1 200 OK"
2026-09-21 18:06:31,497 - WARNING - Attempt 2 failed: {'code': 2, 'level': 'error', 'type': 'Rule parse error', 'rule_id': 'var.folders.d5.5xvkptzs6cd9t_077gyhh1400000gr.T.vuln-openslides-auth-service-70c1aa9f', 'message': 'Rule parse error in rule var.folders.d5.5xvkptzs6cd9t_077gyhh1400000gr.T.vuln-openslides-auth-service-70c1aa9f:\n Invalid pattern for TypeScript: Stdlib.Parsing.Parse_error\n----- pattern -----\n$A1 = await this.isPasswordCorrect($A2, $A3.password || dummyPassword) if (!$A3.isExisting() || !$A1)\n----- end pattern -----\n'}
2026-09-21 18:06:31,497 - INFO - Attempt 3/3 for patch results/runs_pilot_rerun_fixed/deepseek-coder_6.7b__autogrep_default/synthetic_patch_names/CASE-0035.patch
2026-09-21 18:06:35,637 - INFO - HTTP Request: POST https://gptlab.rd.tuni.fi/GPT-Lab/resources/GPU-farmi-004/v1/chat/completions "HTTP/1.1 200 OK"
2026-09-21 18:06:37,110 - WARNING - Attempt 3 failed: {'code': 2, 'level': 'error', 'type': 'Rule parse error', 'rule_id': 'var.folders.d5.5xvkptzs6cd9t_077gyhh1400000gr.T.vuln-openslides-auth-service-70c1aa9f', 'message': 'Rule parse error in rule var.folders.d5.5xvkptzs6cd9t_077gyhh1400000gr.T.vuln-openslides-auth-service-70c1aa9f:\n Invalid pattern for TypeScript: Stdlib.Parsing.Parse_error\n----- pattern -----\n$A1 = await this.isPasswordCorrect($A2, $A3.password || dummyPassword) if  (!$A3.isExisting() || !$A1)\n----- end pattern -----\n'}
2026-09-21 18:06:37,574 - INFO - Found commit: 1c077147acd0a6ec9f8ee80d83a3e9688fbb9444
2026-09-21 18:06:39,554 - INFO - Attempt 1/3 for patch results/runs_pilot_rerun_fixed/magicoder_7b__autogrep_default/synthetic_patch_names/CASE-0032.patch
2026-09-21 18:06:46,454 - INFO - HTTP Request: POST https://gptlab.rd.tuni.fi/GPT-Lab/resources/GPU-farmi-001/v1/chat/completions "HTTP/1.1 200 OK"
2026-09-21 18:06:48,028 - WARNING - Attempt 1 failed: {'code': 2, 'level': 'error', 'type': 'Rule parse error', 'rule_id': 'var.folders.d5.5xvkptzs6cd9t_077gyhh1400000gr.T.vuln-tabby-1c077147', 'message': 'Rule parse error in rule var.folders.d5.5xvkptzs6cd9t_077gyhh1400000gr.T.vuln-tabby-1c077147:\n Invalid pattern for TypeScript: Stdlib.Parsing.Parse_error\n----- pattern -----\n!<any>:await hostVerifiedPromise\n----- end pattern -----\n'}
2026-09-21 18:06:48,028 - INFO - Attempt 2/3 for patch results/runs_pilot_rerun_fixed/magicoder_7b__autogrep_default/synthetic_patch_names/CASE-0032.patch
2026-09-21 18:06:51,869 - INFO - Cloning repository: awwaiid/mcp-server-taskwarrior
2026-09-21 18:06:52,913 - INFO - Found commit: 1ee3d282debfa0a99afeb41d22c4b2fd5a3148f2
2026-09-21 18:06:53,246 - INFO - HTTP Request: POST https://gptlab.rd.tuni.fi/GPT-Lab/resources/GPU-farmi-001/v1/chat/completions "HTTP/1.1 200 OK"
2026-09-21 18:06:54,379 - INFO - Attempt 1/3 for patch results/runs_pilot_rerun_fixed/deepseek-coder_6.7b__autogrep_default/synthetic_patch_names/CASE-0036.patch
2026-09-21 18:06:54,748 - WARNING - Attempt 2 failed: {'code': 2, 'level': 'error', 'type': 'Rule parse error', 'rule_id': 'var.folders.d5.5xvkptzs6cd9t_077gyhh1400000gr.T.vuln-tabby-1c077147', 'message': 'Rule parse error in rule var.folders.d5.5xvkptzs6cd9t_077gyhh1400000gr.T.vuln-tabby-1c077147:\n Invalid pattern for TypeScript: Stdlib.Parsing.Parse_error\n----- pattern -----\n!<any>:await hostVerifiedPromise\n----- end pattern -----\n'}
2026-09-21 18:06:54,748 - INFO - Attempt 3/3 for patch results/runs_pilot_rerun_fixed/magicoder_7b__autogrep_default/synthetic_patch_names/CASE-0032.patch
2026-09-21 18:07:00,862 - INFO - HTTP Request: POST https://gptlab.rd.tuni.fi/GPT-Lab/resources/GPU-farmi-004/v1/chat/completions "HTTP/1.1 200 OK"
2026-09-21 18:07:00,867 - ERROR - YAML parsing error: mapping values are not allowed here
  in "<unicode string>", line 3, column 32:
      pattern: execSync(`task limit: ${task_args.join("  ")} next`, ... 
                                   ^
2026-09-21 18:07:00,868 - ERROR - Failed to clean YAML text
2026-09-21 18:07:00,868 - INFO - Attempt 2/3 for patch results/runs_pilot_rerun_fixed/deepseek-coder_6.7b__autogrep_default/synthetic_patch_names/CASE-0036.patch
2026-09-21 18:07:01,848 - INFO - HTTP Request: POST https://gptlab.rd.tuni.fi/GPT-Lab/resources/GPU-farmi-001/v1/chat/completions "HTTP/1.1 200 OK"
2026-09-21 18:07:03,321 - WARNING - Attempt 3 failed: {'code': 2, 'level': 'error', 'type': 'Rule parse error', 'rule_id': 'var.folders.d5.5xvkptzs6cd9t_077gyhh1400000gr.T.vuln-tabby-1c077147', 'message': 'Rule parse error in rule var.folders.d5.5xvkptzs6cd9t_077gyhh1400000gr.T.vuln-tabby-1c077147:\n Invalid pattern for TypeScript: Stdlib.Parsing.Parse_error\n----- pattern -----\n!<any>:await hostVerifiedPromise\n----- end pattern -----\n'}
2026-09-21 18:07:05,052 - INFO - HTTP Request: POST https://gptlab.rd.tuni.fi/GPT-Lab/resources/GPU-farmi-004/v1/chat/completions "HTTP/1.1 200 OK"
2026-09-21 18:07:05,054 - ERROR - YAML parsing error: mapping values are not allowed here
  in "<unicode string>", line 3, column 32:
      pattern: execSync(`task limit: ${task_args.join(" ")} next`,  ... 
                                   ^
2026-09-21 18:07:05,054 - ERROR - Failed to clean YAML text
2026-09-21 18:07:05,054 - INFO - Attempt 3/3 for patch results/runs_pilot_rerun_fixed/deepseek-coder_6.7b__autogrep_default/synthetic_patch_names/CASE-0036.patch
2026-09-21 18:07:09,209 - INFO - HTTP Request: POST https://gptlab.rd.tuni.fi/GPT-Lab/resources/GPU-farmi-004/v1/chat/completions "HTTP/1.1 200 OK"
2026-09-21 18:07:09,210 - ERROR - YAML parsing error: mapping values are not allowed here
  in "<unicode string>", line 3, column 32:
      pattern: execSync(`task limit: ${task_args.join(" ")} next`,  ... 
                                   ^
2026-09-21 18:07:09,210 - ERROR - Failed to clean YAML text
2026-09-21 18:07:09,257 - ERROR - YAML parsing error: mapping values are not allowed here
  in "<unicode string>", line 3, column 32:
      pattern: execSync(`task limit: ${task_args.join("  ")} next`, ... 
                                   ^
2026-09-21 18:07:09,257 - ERROR - Failed to clean YAML text
2026-09-21 18:07:09,258 - ERROR - YAML parsing error: mapping values are not allowed here
  in "<unicode string>", line 3, column 32:
      pattern: execSync(`task limit: ${task_args.join("  ")} next`, ... 
                                   ^
2026-09-21 18:07:09,258 - ERROR - Failed to clean YAML text
2026-09-21 18:07:09,258 - ERROR - YAML parsing error: mapping values are not allowed here
  in "<unicode string>", line 3, column 32:
      pattern: execSync(`task limit: ${task_args.join(" ")} next`,  ... 
                                   ^
2026-09-21 18:07:09,258 - ERROR - Failed to clean YAML text
2026-09-21 18:07:09,259 - ERROR - YAML parsing error: mapping values are not allowed here
  in "<unicode string>", line 3, column 32:
      pattern: execSync(`task limit: ${task_args.join(" ")} next`,  ... 
                                   ^
2026-09-21 18:07:09,259 - ERROR - Failed to clean YAML text
2026-09-21 18:07:09,289 - INFO - Cloning repository: edmundhung/conform
2026-09-21 18:07:12,970 - INFO - Found commit: 4819d51b5a53fd5486fc85c17cdc148eb160e3de
2026-09-21 18:07:14,640 - INFO - Attempt 1/3 for patch results/runs_pilot_rerun_fixed/deepseek-coder_6.7b__autogrep_default/synthetic_patch_names/CASE-0037.patch
2026-09-21 18:07:16,218 - INFO - Cloning repository: JstnMcBrd/dectalk-tts
2026-09-21 18:07:17,320 - INFO - Found commit: 3600d8ac156f27da553ac4ead46d16989a350105
2026-09-21 18:07:18,806 - INFO - Attempt 1/3 for patch results/runs_pilot_rerun_fixed/magicoder_7b__autogrep_default/synthetic_patch_names/CASE-0033.patch
2026-09-21 18:07:21,276 - INFO - HTTP Request: POST https://gptlab.rd.tuni.fi/GPT-Lab/resources/GPU-farmi-004/v1/chat/completions "HTTP/1.1 200 OK"
2026-09-21 18:07:24,348 - WARNING - Attempt 1 failed: Rule failed to detect vulnerability in original version
2026-09-21 18:07:24,348 - INFO - Attempt 2/3 for patch results/runs_pilot_rerun_fixed/deepseek-coder_6.7b__autogrep_default/synthetic_patch_names/CASE-0037.patch
2026-09-21 18:07:25,408 - INFO - HTTP Request: POST https://gptlab.rd.tuni.fi/GPT-Lab/resources/GPU-farmi-001/v1/chat/completions "HTTP/1.1 200 OK"
2026-09-21 18:07:25,415 - ERROR - Invalid rule schema: Missing required fields: pattern
2026-09-21 18:07:25,415 - INFO - Attempt 2/3 for patch results/runs_pilot_rerun_fixed/magicoder_7b__autogrep_default/synthetic_patch_names/CASE-0033.patch
2026-09-21 18:07:28,862 - INFO - HTTP Request: POST https://gptlab.rd.tuni.fi/GPT-Lab/resources/GPU-farmi-004/v1/chat/completions "HTTP/1.1 200 OK"
2026-09-21 18:07:31,610 - WARNING - Attempt 2 failed: Rule failed to detect vulnerability in original version
2026-09-21 18:07:31,611 - INFO - Attempt 3/3 for patch results/runs_pilot_rerun_fixed/deepseek-coder_6.7b__autogrep_default/synthetic_patch_names/CASE-0037.patch
2026-09-21 18:07:31,955 - INFO - HTTP Request: POST https://gptlab.rd.tuni.fi/GPT-Lab/resources/GPU-farmi-001/v1/chat/completions "HTTP/1.1 200 OK"
2026-09-21 18:07:34,735 - INFO - Successfully generated valid rule for results/runs_pilot_rerun_fixed/magicoder_7b__autogrep_default/synthetic_patch_names/CASE-0033.patch
2026-09-21 18:07:34,789 - ERROR - Invalid rule schema: Missing required fields: pattern
2026-09-21 18:07:34,790 - ERROR - Invalid rule schema: Missing required fields: pattern
2026-09-21 18:07:36,050 - INFO - HTTP Request: POST https://gptlab.rd.tuni.fi/GPT-Lab/resources/GPU-farmi-004/v1/chat/completions "HTTP/1.1 200 OK"
2026-09-21 18:07:39,107 - WARNING - Attempt 3 failed: Rule failed to detect vulnerability in original version
2026-09-21 18:07:46,537 - INFO - Cloning repository: OneUptime/oneuptime
2026-09-21 18:07:55,797 - INFO - Cloning repository: enchant97/note-mark
2026-09-21 18:07:58,098 - INFO - Found commit: a0997facb82f85bfb8c0d497606d89e7d150e182
2026-09-21 18:07:59,774 - INFO - Attempt 1/3 for patch results/runs_pilot_rerun_fixed/deepseek-coder_6.7b__autogrep_default/synthetic_patch_names/CASE-0038.patch
2026-09-21 18:08:05,272 - INFO - HTTP Request: POST https://gptlab.rd.tuni.fi/GPT-Lab/resources/GPU-farmi-004/v1/chat/completions "HTTP/1.1 200 OK"
2026-09-21 18:08:08,044 - WARNING - Attempt 1 failed: Rule incorrectly detected vulnerability in fixed version
2026-09-21 18:08:08,045 - INFO - Attempt 2/3 for patch results/runs_pilot_rerun_fixed/deepseek-coder_6.7b__autogrep_default/synthetic_patch_names/CASE-0038.patch
2026-09-21 18:08:11,628 - INFO - HTTP Request: POST https://gptlab.rd.tuni.fi/GPT-Lab/resources/GPU-farmi-004/v1/chat/completions "HTTP/1.1 200 OK"
2026-09-21 18:08:11,634 - ERROR - YAML parsing error: mapping values are not allowed here
  in "<unicode string>", line 3, column 28:
      pattern: $FUNC_CALL($FUNC: "markdown_to_html" $ARG: $ANY) ... 
                               ^
2026-09-21 18:08:11,634 - ERROR - Failed to clean YAML text
2026-09-21 18:08:11,634 - INFO - Attempt 3/3 for patch results/runs_pilot_rerun_fixed/deepseek-coder_6.7b__autogrep_default/synthetic_patch_names/CASE-0038.patch
2026-09-21 18:08:15,830 - INFO - HTTP Request: POST https://gptlab.rd.tuni.fi/GPT-Lab/resources/GPU-farmi-004/v1/chat/completions "HTTP/1.1 200 OK"
2026-09-21 18:08:15,834 - ERROR - YAML parsing error: mapping values are not allowed here
  in "<unicode string>", line 3, column 28:
      pattern: $FUNC_CALL($FUNC: "markdown_to_html" $ARG: $ANY) ... 
                               ^
2026-09-21 18:08:15,834 - ERROR - Failed to clean YAML text
2026-09-21 18:08:26,091 - ERROR - YAML parsing error: mapping values are not allowed here
  in "<unicode string>", line 3, column 28:
      pattern: $FUNC_CALL($FUNC: "markdown_to_html" $ARG: $ANY) ... 
                               ^
2026-09-21 18:08:26,091 - ERROR - Failed to clean YAML text
2026-09-21 18:08:26,091 - ERROR - YAML parsing error: mapping values are not allowed here
  in "<unicode string>", line 3, column 28:
      pattern: $FUNC_CALL($FUNC: "markdown_to_html" $ARG: $ANY) ... 
                               ^
2026-09-21 18:08:26,091 - ERROR - Failed to clean YAML text
2026-09-21 18:08:26,131 - INFO - Cloning repository: genieacs/genieacs
2026-09-21 18:08:29,179 - INFO - Found commit: 7f295beeecc1c1f14308a93c82413bb334045af6
2026-09-21 18:08:30,734 - INFO - Attempt 1/3 for patch results/runs_pilot_rerun_fixed/deepseek-coder_6.7b__autogrep_default/synthetic_patch_names/CASE-0039.patch
2026-09-21 18:08:36,504 - INFO - HTTP Request: POST https://gptlab.rd.tuni.fi/GPT-Lab/resources/GPU-farmi-004/v1/chat/completions "HTTP/1.1 200 OK"
2026-09-21 18:08:39,429 - WARNING - Attempt 1 failed: Rule failed to detect vulnerability in original version
2026-09-21 18:08:39,429 - INFO - Attempt 2/3 for patch results/runs_pilot_rerun_fixed/deepseek-coder_6.7b__autogrep_default/synthetic_patch_names/CASE-0039.patch
2026-09-21 18:08:42,981 - INFO - HTTP Request: POST https://gptlab.rd.tuni.fi/GPT-Lab/resources/GPU-farmi-004/v1/chat/completions "HTTP/1.1 200 OK"
2026-09-21 18:08:42,983 - ERROR - YAML parsing error: mapping values are not allowed here
  in "<unicode string>", line 3, column 33:
      pattern: $FUNC_CALL($FUNC_NAME: "isValidHost" $ARG0: $FUNC_ARG)
                                    ^
2026-09-21 18:08:42,983 - ERROR - Failed to clean YAML text
2026-09-21 18:08:42,983 - INFO - Attempt 3/3 for patch results/runs_pilot_rerun_fixed/deepseek-coder_6.7b__autogrep_default/synthetic_patch_names/CASE-0039.patch
2026-09-21 18:08:46,211 - INFO - HTTP Request: POST https://gptlab.rd.tuni.fi/GPT-Lab/resources/GPU-farmi-004/v1/chat/completions "HTTP/1.1 200 OK"
2026-09-21 18:08:46,215 - ERROR - YAML parsing error: mapping values are not allowed here
  in "<unicode string>", line 3, column 33:
      pattern: $FUNC_CALL($FUNC_NAME: "isValidHost" $ARG0: $FUNC_ARG)
                                    ^
2026-09-21 18:08:46,215 - ERROR - Failed to clean YAML text
2026-09-21 18:08:56,608 - ERROR - YAML parsing error: mapping values are not allowed here
  in "<unicode string>", line 3, column 33:
      pattern: $FUNC_CALL($FUNC_NAME: "isValidHost" $ARG0: $FUNC_ARG)
                                    ^
2026-09-21 18:08:56,609 - ERROR - Failed to clean YAML text
2026-09-21 18:08:56,609 - ERROR - YAML parsing error: mapping values are not allowed here
  in "<unicode string>", line 3, column 33:
      pattern: $FUNC_CALL($FUNC_NAME: "isValidHost" $ARG0: $FUNC_ARG)
                                    ^
2026-09-21 18:08:56,609 - ERROR - Failed to clean YAML text
2026-09-21 18:08:56,644 - INFO - Cloning repository: jasonraimondi/url-to-png
2026-09-21 18:08:59,210 - INFO - Found commit: e4eaeca6493b21cd515b582fd6c0af09ede54507
2026-09-21 18:09:00,747 - INFO - Attempt 1/3 for patch results/runs_pilot_rerun_fixed/deepseek-coder_6.7b__autogrep_default/synthetic_patch_names/CASE-0040.patch
2026-09-21 18:09:06,429 - INFO - HTTP Request: POST https://gptlab.rd.tuni.fi/GPT-Lab/resources/GPU-farmi-004/v1/chat/completions "HTTP/1.1 200 OK"
2026-09-21 18:09:13,185 - WARNING - Attempt 1 failed: {'code': 2, 'level': 'error', 'type': 'Rule parse error', 'rule_id': 'var.folders.d5.5xvkptzs6cd9t_077gyhh1400000gr.T.vuln-url-to-png-e4eaeca6', 'message': 'Rule parse error in rule var.folders.d5.5xvkptzs6cd9t_077gyhh1400000gr.T.vuln-url-to-png-e4eaeca6:\n Invalid pattern for TypeScript: Stdlib.Parsing.Parse_error\n----- pattern -----\n$A = "." $B $C\n----- end pattern -----\n'}
2026-09-21 18:09:13,185 - INFO - Attempt 2/3 for patch results/runs_pilot_rerun_fixed/deepseek-coder_6.7b__autogrep_default/synthetic_patch_names/CASE-0040.patch
2026-09-21 18:09:17,179 - INFO - HTTP Request: POST https://gptlab.rd.tuni.fi/GPT-Lab/resources/GPU-farmi-004/v1/chat/completions "HTTP/1.1 200 OK"
2026-09-21 18:09:19,159 - WARNING - Attempt 2 failed: {'code': 2, 'level': 'error', 'type': 'Rule parse error', 'rule_id': 'var.folders.d5.5xvkptzs6cd9t_077gyhh1400000gr.T.vuln-url-to-png-e4eaeca6', 'message': 'Rule parse error in rule var.folders.d5.5xvkptzs6cd9t_077gyhh1400000gr.T.vuln-url-to-png-e4eaeca6:\n Invalid pattern for TypeScript: Stdlib.Parsing.Parse_error\n----- pattern -----\n$A = "." $B $C\n----- end pattern -----\n'}
2026-09-21 18:09:19,159 - INFO - Attempt 3/3 for patch results/runs_pilot_rerun_fixed/deepseek-coder_6.7b__autogrep_default/synthetic_patch_names/CASE-0040.patch
2026-09-21 18:09:22,962 - INFO - HTTP Request: POST https://gptlab.rd.tuni.fi/GPT-Lab/resources/GPU-farmi-004/v1/chat/completions "HTTP/1.1 200 OK"
2026-09-21 18:09:24,404 - INFO - Found commit: 07bc6d4edde7397ea6b88f889c065ec392052ab4
2026-09-21 18:09:24,790 - WARNING - Attempt 3 failed: {'code': 2, 'level': 'error', 'type': 'Rule parse error', 'rule_id': 'var.folders.d5.5xvkptzs6cd9t_077gyhh1400000gr.T.vuln-url-to-png-e4eaeca6', 'message': 'Rule parse error in rule var.folders.d5.5xvkptzs6cd9t_077gyhh1400000gr.T.vuln-url-to-png-e4eaeca6:\n Invalid pattern for TypeScript: Stdlib.Parsing.Parse_error\n----- pattern -----\n$A = "." $B $C\n----- end pattern -----\n'}
2026-09-21 18:09:27,830 - INFO - Attempt 1/3 for patch results/runs_pilot_rerun_fixed/magicoder_7b__autogrep_default/synthetic_patch_names/CASE-0034.patch
2026-09-21 18:09:33,401 - INFO - HTTP Request: POST https://gptlab.rd.tuni.fi/GPT-Lab/resources/GPU-farmi-001/v1/chat/completions "HTTP/1.1 200 OK"
2026-09-21 18:09:36,881 - WARNING - Attempt 1 failed: Rule incorrectly detected vulnerability in fixed version
2026-09-21 18:09:36,881 - INFO - Attempt 2/3 for patch results/runs_pilot_rerun_fixed/magicoder_7b__autogrep_default/synthetic_patch_names/CASE-0034.patch
2026-09-21 18:09:39,365 - INFO - [deepseek-coder:6.7b] done -> results/runs_pilot_rerun_fixed/deepseek-coder_6.7b__autogrep_default/generation_log.jsonl
2026-09-21 18:09:42,514 - INFO - HTTP Request: POST https://gptlab.rd.tuni.fi/GPT-Lab/resources/GPU-farmi-001/v1/chat/completions "HTTP/1.1 200 OK"
2026-09-21 18:09:45,939 - WARNING - Attempt 2 failed: Rule incorrectly detected vulnerability in fixed version
2026-09-21 18:09:45,939 - INFO - Attempt 3/3 for patch results/runs_pilot_rerun_fixed/magicoder_7b__autogrep_default/synthetic_patch_names/CASE-0034.patch
2026-09-21 18:09:51,628 - INFO - HTTP Request: POST https://gptlab.rd.tuni.fi/GPT-Lab/resources/GPU-farmi-001/v1/chat/completions "HTTP/1.1 200 OK"
2026-09-21 18:09:54,886 - WARNING - Attempt 3 failed: Rule incorrectly detected vulnerability in fixed version
2026-09-21 18:10:11,191 - INFO - Cloning repository: OpenSlides/openslides-auth-service
2026-09-21 18:10:13,454 - INFO - Found commit: 70c1aa9f5e1db59ec120ecce98d1c1169350a4ee
2026-09-21 18:10:15,121 - INFO - Attempt 1/3 for patch results/runs_pilot_rerun_fixed/magicoder_7b__autogrep_default/synthetic_patch_names/CASE-0035.patch
2026-09-21 18:10:21,531 - INFO - HTTP Request: POST https://gptlab.rd.tuni.fi/GPT-Lab/resources/GPU-farmi-001/v1/chat/completions "HTTP/1.1 200 OK"
2026-09-21 18:10:22,898 - WARNING - Attempt 1 failed: ['const passwordCorrect = await this.isPasswordCorrect(password, thisUser?.password || dummyPassword);', 'if (!thisUser.isExisting() || !passwordCorrect) {'] is not of type 'string'
2026-09-21 18:10:22,898 - INFO - Attempt 2/3 for patch results/runs_pilot_rerun_fixed/magicoder_7b__autogrep_default/synthetic_patch_names/CASE-0035.patch
2026-09-21 18:10:30,335 - INFO - HTTP Request: POST https://gptlab.rd.tuni.fi/GPT-Lab/resources/GPU-farmi-001/v1/chat/completions "HTTP/1.1 200 OK"
2026-09-21 18:10:32,976 - WARNING - Attempt 2 failed: Rule failed to detect vulnerability in original version
2026-09-21 18:10:32,977 - INFO - Attempt 3/3 for patch results/runs_pilot_rerun_fixed/magicoder_7b__autogrep_default/synthetic_patch_names/CASE-0035.patch
2026-09-21 18:10:39,655 - INFO - HTTP Request: POST https://gptlab.rd.tuni.fi/GPT-Lab/resources/GPU-farmi-001/v1/chat/completions "HTTP/1.1 200 OK"
2026-09-21 18:10:42,342 - WARNING - Attempt 3 failed: Rule failed to detect vulnerability in original version
2026-09-21 18:10:55,834 - INFO - Cloning repository: awwaiid/mcp-server-taskwarrior
2026-09-21 18:10:56,964 - INFO - Found commit: 1ee3d282debfa0a99afeb41d22c4b2fd5a3148f2
2026-09-21 18:10:58,510 - INFO - Attempt 1/3 for patch results/runs_pilot_rerun_fixed/magicoder_7b__autogrep_default/synthetic_patch_names/CASE-0036.patch
2026-09-21 18:11:05,255 - INFO - HTTP Request: POST https://gptlab.rd.tuni.fi/GPT-Lab/resources/GPU-farmi-001/v1/chat/completions "HTTP/1.1 200 OK"
2026-09-21 18:11:08,099 - INFO - Successfully generated valid rule for results/runs_pilot_rerun_fixed/magicoder_7b__autogrep_default/synthetic_patch_names/CASE-0036.patch
2026-09-21 18:11:26,586 - INFO - Cloning repository: edmundhung/conform
2026-09-21 18:11:30,008 - INFO - Found commit: 4819d51b5a53fd5486fc85c17cdc148eb160e3de
2026-09-21 18:11:31,556 - INFO - Attempt 1/3 for patch results/runs_pilot_rerun_fixed/magicoder_7b__autogrep_default/synthetic_patch_names/CASE-0037.patch
2026-09-21 18:11:39,292 - INFO - HTTP Request: POST https://gptlab.rd.tuni.fi/GPT-Lab/resources/GPU-farmi-001/v1/chat/completions "HTTP/1.1 200 OK"
2026-09-21 18:11:40,870 - WARNING - Attempt 1 failed: {'code': 2, 'level': 'error', 'type': 'Rule parse error', 'rule_id': 'var.folders.d5.5xvkptzs6cd9t_077gyhh1400000gr.T.vuln-conform-4819d51b', 'message': "Rule parse error in rule var.folders.d5.5xvkptzs6cd9t_077gyhh1400000gr.T.vuln-conform-4819d51b:\n Invalid pattern for TypeScript: Stdlib.Parsing.Parse_error\n----- pattern -----\n[\n  (\n    function $functionName() {\n      if (typeof segment !== 'undefined' && segment !== '') {\n        if (\n          typeof segment !== 'undefined' && \n          segment !== '' && \n          segment !== '__proto__' && \n          segment !== 'constructor' && \n          segment !== 'prototype'\n        ) {\n          ? pointer[key] ?? (typeof nextKey === 'number' ? [] : {})\n        }\n      }\n    }\n  )\n]\n\n----- end pattern -----\n"}
2026-09-21 18:11:40,870 - INFO - Attempt 2/3 for patch results/runs_pilot_rerun_fixed/magicoder_7b__autogrep_default/synthetic_patch_names/CASE-0037.patch
2026-09-21 18:11:52,483 - INFO - HTTP Request: POST https://gptlab.rd.tuni.fi/GPT-Lab/resources/GPU-farmi-001/v1/chat/completions "HTTP/1.1 200 OK"
2026-09-21 18:11:52,488 - ERROR - YAML parsing error: mapping values are not allowed here
  in "<unicode string>", line 3, column 36:
    1. **Identify the Vulnerable Code**: The first step is to identify  ... 
                                       ^
2026-09-21 18:11:52,489 - ERROR - Failed to clean YAML text
2026-09-21 18:11:52,489 - INFO - Attempt 3/3 for patch results/runs_pilot_rerun_fixed/magicoder_7b__autogrep_default/synthetic_patch_names/CASE-0037.patch
2026-09-21 18:12:01,429 - INFO - HTTP Request: POST https://gptlab.rd.tuni.fi/GPT-Lab/resources/GPU-farmi-001/v1/chat/completions "HTTP/1.1 200 OK"
2026-09-21 18:12:04,046 - WARNING - Attempt 3 failed: Rule failed to detect vulnerability in original version
2026-09-21 18:12:13,237 - ERROR - YAML parsing error: mapping values are not allowed here
  in "<unicode string>", line 3, column 36:
    1. **Identify the Vulnerable Code**: The first step is to identify  ... 
                                       ^
2026-09-21 18:12:13,238 - ERROR - Failed to clean YAML text
2026-09-21 18:12:15,844 - INFO - Cloning repository: enchant97/note-mark
2026-09-21 18:12:17,198 - INFO - Found commit: a0997facb82f85bfb8c0d497606d89e7d150e182
2026-09-21 18:12:18,823 - INFO - Attempt 1/3 for patch results/runs_pilot_rerun_fixed/magicoder_7b__autogrep_default/synthetic_patch_names/CASE-0038.patch
2026-09-21 18:12:26,766 - INFO - HTTP Request: POST https://gptlab.rd.tuni.fi/GPT-Lab/resources/GPU-farmi-001/v1/chat/completions "HTTP/1.1 200 OK"
2026-09-21 18:12:28,204 - WARNING - Attempt 1 failed: {'code': 2, 'level': 'error', 'type': 'Rule parse error', 'rule_id': 'var.folders.d5.5xvkptzs6cd9t_077gyhh1400000gr.T.vuln-note-mark-a0997fac', 'message': 'Rule parse error in rule var.folders.d5.5xvkptzs6cd9t_077gyhh1400000gr.T.vuln-note-mark-a0997fac:\n Invalid pattern for TypeScript: Stdlib.Parsing.Parse_error\n----- pattern -----\nFunctionCall[arguments.1.type="Identifier" arguments.1.name.value="DOMPurify"]\n.\nFunctionCall[arguments.1.type="Identifier" arguments.1.name.value="sanitize"]\n.\nReturnStatement[expression.type="MemberExpression" expression.property.name.value="markdown_to_html"]\n\n----- end pattern -----\n'}
2026-09-21 18:12:28,204 - INFO - Attempt 2/3 for patch results/runs_pilot_rerun_fixed/magicoder_7b__autogrep_default/synthetic_patch_names/CASE-0038.patch
2026-09-21 18:12:37,179 - INFO - HTTP Request: POST https://gptlab.rd.tuni.fi/GPT-Lab/resources/GPU-farmi-001/v1/chat/completions "HTTP/1.1 200 OK"
2026-09-21 18:12:38,607 - WARNING - Attempt 2 failed: {'code': 2, 'level': 'error', 'type': 'Rule parse error', 'rule_id': 'var.folders.d5.5xvkptzs6cd9t_077gyhh1400000gr.T.vuln-note-mark-a0997fac', 'message': 'Rule parse error in rule var.folders.d5.5xvkptzs6cd9t_077gyhh1400000gr.T.vuln-note-mark-a0997fac:\n Invalid pattern for TypeScript: Stdlib.Parsing.Parse_error\n----- pattern -----\nFunctionCall[arguments.1.type="Identifier" arguments.1.name.value="DOMPurify"] . FunctionCall[arguments.1.type="Identifier" arguments.1.name.value="sanitize"] . ReturnStatement[expression.type="MemberExpression" expression.property.name.value="markdown_to_html"]\n----- end pattern -----\n'}
2026-09-21 18:12:38,607 - INFO - Attempt 3/3 for patch results/runs_pilot_rerun_fixed/magicoder_7b__autogrep_default/synthetic_patch_names/CASE-0038.patch
2026-09-21 18:12:49,045 - INFO - HTTP Request: POST https://gptlab.rd.tuni.fi/GPT-Lab/resources/GPU-farmi-001/v1/chat/completions "HTTP/1.1 200 OK"
2026-09-21 18:12:50,466 - WARNING - Attempt 3 failed: {'code': 2, 'level': 'error', 'type': 'Rule parse error', 'rule_id': 'var.folders.d5.5xvkptzs6cd9t_077gyhh1400000gr.T.vuln-note-mark-a0997fac', 'message': 'Rule parse error in rule var.folders.d5.5xvkptzs6cd9t_077gyhh1400000gr.T.vuln-note-mark-a0997fac:\n Invalid pattern for TypeScript: Stdlib.Parsing.Parse_error\n----- pattern -----\nFunctionCall[arguments.1.type="Identifier" arguments.1.name.value="DOMPurify"] . FunctionCall[arguments.1.type="Identifier" arguments.1.name.value="sanitize"] . ReturnStatement[expression.type="MemberExpression" expression.property.name.value="markdown_to_html"]\n----- end pattern -----\n'}
2026-09-21 18:13:02,491 - INFO - Cloning repository: genieacs/genieacs
2026-09-21 18:13:04,341 - INFO - Found commit: 7f295beeecc1c1f14308a93c82413bb334045af6
2026-09-21 18:13:06,101 - INFO - Attempt 1/3 for patch results/runs_pilot_rerun_fixed/magicoder_7b__autogrep_default/synthetic_patch_names/CASE-0039.patch
2026-09-21 18:13:15,098 - INFO - HTTP Request: POST https://gptlab.rd.tuni.fi/GPT-Lab/resources/GPU-farmi-001/v1/chat/completions "HTTP/1.1 200 OK"
2026-09-21 18:13:16,545 - WARNING - Attempt 1 failed: {'code': 2, 'level': 'error', 'type': 'Rule parse error', 'rule_id': 'var.folders.d5.5xvkptzs6cd9t_077gyhh1400000gr.T.vuln-genieacs-7f295bee', 'message': 'Rule parse error in rule var.folders.d5.5xvkptzs6cd9t_077gyhh1400000gr.T.vuln-genieacs-7f295bee:\n Invalid pattern for TypeScript: Stdlib.Parsing.Parse_error\n----- pattern -----\n:[\n  (function )?isValidHost(host: string): boolean {\n    if (/^[a-zA-Z0-9\\-.:[\\]-]+$/.test(host)) return true;\n    return /^[a-zA-Z0-9\\-.:[\\]-]+$/.test(domainToASCII(host));\n  }\n]\n\n----- end pattern -----\n'}
2026-09-21 18:13:16,545 - INFO - Attempt 2/3 for patch results/runs_pilot_rerun_fixed/magicoder_7b__autogrep_default/synthetic_patch_names/CASE-0039.patch
2026-09-21 18:13:25,845 - INFO - HTTP Request: POST https://gptlab.rd.tuni.fi/GPT-Lab/resources/GPU-farmi-001/v1/chat/completions "HTTP/1.1 200 OK"
2026-09-21 18:13:27,149 - WARNING - Attempt 2 failed: [':function isValidHost(host: string): boolean {', '  if (/^[a-zA-Z0-9\\-.:[\\]-]+$/.test(host)) return true;', '  return /^[a-zA-Z0-9\\-.:[\\]-]+$/.test(domainToASCII(host));', '}'] is not of type 'string'
2026-09-21 18:13:27,149 - INFO - Attempt 3/3 for patch results/runs_pilot_rerun_fixed/magicoder_7b__autogrep_default/synthetic_patch_names/CASE-0039.patch
2026-09-21 18:13:37,056 - INFO - HTTP Request: POST https://gptlab.rd.tuni.fi/GPT-Lab/resources/GPU-farmi-001/v1/chat/completions "HTTP/1.1 200 OK"
2026-09-21 18:13:37,065 - ERROR - Invalid rule schema: Missing required fields: pattern
2026-09-21 18:13:47,570 - ERROR - Invalid rule schema: Missing required fields: pattern
2026-09-21 18:13:47,608 - INFO - Cloning repository: jasonraimondi/url-to-png
2026-09-21 18:13:49,223 - INFO - Found commit: e4eaeca6493b21cd515b582fd6c0af09ede54507
2026-09-21 18:13:51,035 - INFO - Attempt 1/3 for patch results/runs_pilot_rerun_fixed/magicoder_7b__autogrep_default/synthetic_patch_names/CASE-0040.patch
2026-09-21 18:14:01,486 - INFO - HTTP Request: POST https://gptlab.rd.tuni.fi/GPT-Lab/resources/GPU-farmi-001/v1/chat/completions "HTTP/1.1 200 OK"
2026-09-21 18:14:01,492 - ERROR - Invalid rule schema: Missing required fields: pattern, message
2026-09-21 18:14:01,492 - INFO - Attempt 2/3 for patch results/runs_pilot_rerun_fixed/magicoder_7b__autogrep_default/synthetic_patch_names/CASE-0040.patch
2026-09-21 18:14:09,441 - INFO - HTTP Request: POST https://gptlab.rd.tuni.fi/GPT-Lab/resources/GPU-farmi-001/v1/chat/completions "HTTP/1.1 200 OK"
2026-09-21 18:14:12,862 - WARNING - Attempt 2 failed: Rule failed to detect vulnerability in original version
2026-09-21 18:14:12,862 - INFO - Attempt 3/3 for patch results/runs_pilot_rerun_fixed/magicoder_7b__autogrep_default/synthetic_patch_names/CASE-0040.patch
2026-09-21 18:14:23,337 - INFO - HTTP Request: POST https://gptlab.rd.tuni.fi/GPT-Lab/resources/GPU-farmi-001/v1/chat/completions "HTTP/1.1 200 OK"
2026-09-21 18:14:24,825 - WARNING - Attempt 3 failed: ['[#filepath#]:function[#name#]:call > $validData.url |> slugify |> configToString', '!pattern-not: [#filepath#]:function[#name#]:call > $validData.url |> slugify |> configToString'] is not of type 'string'
2026-09-21 18:14:24,875 - ERROR - Invalid rule schema: Missing required fields: pattern, message
2026-09-21 18:14:24,876 - ERROR - Invalid rule schema: Missing required fields: pattern, message
2026-09-21 18:14:28,694 - INFO - [magicoder:7b] done -> results/runs_pilot_rerun_fixed/magicoder_7b__autogrep_default/generation_log.jsonl
=== CLEAN RE-RUN COMPLETE ===
